CREATE DATABASE  IF NOT EXISTS `inspetoria` /*!40100 DEFAULT CHARACTER SET utf8 COLLATE utf8_general_ci */;
USE `inspetoria`;
-- MySQL dump 10.13  Distrib 8.0.38, for Win64 (x86_64)
--
-- Host: 127.0.0.1    Database: inspetoria
-- ------------------------------------------------------
-- Server version	5.5.5-10.4.32-MariaDB

/*!40101 SET @OLD_CHARACTER_SET_CLIENT=@@CHARACTER_SET_CLIENT */;
/*!40101 SET @OLD_CHARACTER_SET_RESULTS=@@CHARACTER_SET_RESULTS */;
/*!40101 SET @OLD_COLLATION_CONNECTION=@@COLLATION_CONNECTION */;
/*!50503 SET NAMES utf8 */;
/*!40103 SET @OLD_TIME_ZONE=@@TIME_ZONE */;
/*!40103 SET TIME_ZONE='+00:00' */;
/*!40014 SET @OLD_UNIQUE_CHECKS=@@UNIQUE_CHECKS, UNIQUE_CHECKS=0 */;
/*!40014 SET @OLD_FOREIGN_KEY_CHECKS=@@FOREIGN_KEY_CHECKS, FOREIGN_KEY_CHECKS=0 */;
/*!40101 SET @OLD_SQL_MODE=@@SQL_MODE, SQL_MODE='NO_AUTO_VALUE_ON_ZERO' */;
/*!40111 SET @OLD_SQL_NOTES=@@SQL_NOTES, SQL_NOTES=0 */;

--
-- Table structure for table `ai`
--

DROP TABLE IF EXISTS `ai`;
/*!40101 SET @saved_cs_client     = @@character_set_client */;
/*!50503 SET character_set_client = utf8mb4 */;
CREATE TABLE `ai` (
  `pk_id_ai` int(11) NOT NULL AUTO_INCREMENT,
  `fk_municipio_lavratura_ai` int(11) NOT NULL,
  `fk_id_motivo_ai` int(11) NOT NULL,
  `fk_produtor_ai` int(11) NOT NULL,
  `fk_id_veterinario_ai` int(11) DEFAULT NULL,
  `enquadramento_adicional_ai` text DEFAULT NULL,
  `advertencia_ai` tinyint(1) NOT NULL DEFAULT 0,
  `reincidente_ai` tinyint(1) NOT NULL DEFAULT 0,
  `desconto_ai` tinyint(1) NOT NULL DEFAULT 0,
  `numero_ai` int(11) NOT NULL,
  `data_ai` datetime NOT NULL,
  `data_ciencia_ai` date DEFAULT NULL,
  `historico_ai` text DEFAULT NULL,
  `observacoes_ai` text DEFAULT NULL,
  `processo_ai` varchar(20) DEFAULT NULL,
  `redator_ai` varchar(40) DEFAULT NULL,
  PRIMARY KEY (`pk_id_ai`),
  KEY `fk_municipio_lavratura_ai` (`fk_municipio_lavratura_ai`),
  KEY `fk_id_motivo_ai` (`fk_id_motivo_ai`),
  KEY `fk_produtor_ai` (`fk_produtor_ai`),
  KEY `fk_id_veterinario_ai` (`fk_id_veterinario_ai`),
  CONSTRAINT `ai_ibfk_1` FOREIGN KEY (`fk_municipio_lavratura_ai`) REFERENCES `municipio` (`pk_id_municipio`),
  CONSTRAINT `ai_ibfk_2` FOREIGN KEY (`fk_id_motivo_ai`) REFERENCES `motivo_ai` (`pk_id_motivo_ai`),
  CONSTRAINT `ai_ibfk_3` FOREIGN KEY (`fk_produtor_ai`) REFERENCES `produtor` (`pk_id_produtor`),
  CONSTRAINT `ai_ibfk_4` FOREIGN KEY (`fk_id_veterinario_ai`) REFERENCES `veterinario` (`pk_id_veterinario`)
) ENGINE=InnoDB AUTO_INCREMENT=1092 DEFAULT CHARSET=utf8 COLLATE=utf8_general_ci;
/*!40101 SET character_set_client = @saved_cs_client */;

--
-- Dumping data for table `ai`
--

LOCK TABLES `ai` WRITE;
/*!40000 ALTER TABLE `ai` DISABLE KEYS */;
INSERT INTO `ai` VALUES (1,3,12,1,NULL,NULL,1,0,0,2794,'2023-08-10 00:00:00',NULL,NULL,NULL,NULL,'João Juliano Pinheiro'),(2,3,13,2,2,'',0,0,0,2795,'2023-08-15 11:00:00','2023-10-06','','Notificação transito CISPOA 137','25150000060053','Antonio Werner'),(3,3,2,3,2,'',1,0,0,2796,'2023-08-15 14:02:00','2023-08-15','','','24150000274635','Bruna Hickmann'),(4,3,2,4,NULL,NULL,1,0,0,2797,'2023-08-22 00:00:00',NULL,NULL,NULL,NULL,'Bruna Hickmann'),(5,3,13,5,2,NULL,0,0,0,2798,'2023-08-23 09:30:00','2023-11-27',NULL,NULL,'24150000278622','Antonio Werner'),(6,3,12,6,2,'',0,0,0,2799,'2023-08-23 00:00:00','2024-02-01','','','24150000274627','Antonio Borges Werner'),(7,3,2,7,NULL,NULL,1,0,0,2800,'2023-08-31 00:00:00',NULL,NULL,NULL,NULL,'Bruna Hickmann'),(8,3,2,8,NULL,NULL,1,0,0,2801,'2023-08-31 00:00:00','2023-08-31',NULL,NULL,NULL,'Igo Lobler'),(9,3,2,9,NULL,NULL,1,0,0,2802,'2023-05-09 00:00:00','2023-06-09',NULL,NULL,NULL,'Bruna Hickmann'),(10,3,2,9,NULL,NULL,1,0,0,2803,'2023-05-09 00:00:00','2023-06-09',NULL,NULL,NULL,'Bruna Hickmann'),(11,3,2,10,NULL,NULL,1,0,0,2804,'2023-08-09 00:00:00',NULL,NULL,NULL,NULL,'Bruna Hickmann'),(12,3,2,11,3,'',1,0,0,2805,'2023-09-14 00:00:00','2023-09-14','','AÇÃO INADIMPLENTE DEC. 2023','23150000296706','Bruna Hickmann'),(13,3,13,12,3,'',0,0,0,2806,'2023-09-15 11:10:00','2024-07-03','','Divergência Idade CISPOA 137','23150000239486','João Juliano Pinheiro'),(14,3,13,13,NULL,NULL,1,0,0,2807,'2023-09-18 00:00:00',NULL,NULL,'Divergência Idade CISPOA 139','23150000232953','João Juliano Pinheiro'),(15,3,2,14,NULL,NULL,1,0,0,2808,'2023-09-18 00:00:00','2023-09-18',NULL,NULL,NULL,'Bruna Hickmann'),(16,3,12,15,NULL,NULL,1,0,1,2809,'2023-09-18 00:00:00','2023-09-18',NULL,NULL,'23150000233682','João Juliano Pinheiro'),(17,3,13,16,NULL,NULL,1,0,0,2810,'2023-09-19 00:00:00',NULL,NULL,'SOLICITAR ANULAÇÃO','24150000274775','Antonio Werner'),(18,3,13,17,NULL,NULL,1,0,0,2811,'2023-09-19 00:00:00',NULL,NULL,'SOLICITAR ANULAÇÃO',NULL,'Antonio Werner'),(19,3,13,18,NULL,NULL,1,0,0,2812,'2023-09-19 00:00:00',NULL,NULL,'SOLICITAR ANULAÇÃO',NULL,'Antonio Werner'),(20,3,13,19,NULL,NULL,1,0,0,2813,'2023-09-21 00:00:00',NULL,NULL,'Divergência Idade CISPOA 137','23150000239540','Antonio Werner'),(21,3,12,20,NULL,NULL,1,0,0,2814,'2023-09-22 00:00:00',NULL,NULL,NULL,NULL,'Antonio Werner'),(22,3,2,21,NULL,NULL,1,0,0,2815,'2023-09-26 00:00:00','2023-09-26',NULL,NULL,NULL,'Bruna Hickmann'),(23,3,3,22,NULL,NULL,1,0,0,2816,'2023-09-29 00:00:00','2023-09-29',NULL,NULL,NULL,'Bruna Hickmann'),(24,3,13,23,NULL,NULL,1,0,0,2817,'2023-09-29 00:00:00',NULL,NULL,NULL,NULL,'Antonio Werner'),(25,3,10,23,NULL,NULL,1,0,0,2818,'2023-09-29 00:00:00',NULL,NULL,NULL,NULL,'Antonio Werner'),(26,3,12,24,NULL,NULL,1,0,1,2819,'2023-09-29 00:00:00','2023-09-29',NULL,NULL,NULL,'Igo Lobler'),(27,3,2,25,NULL,NULL,1,0,0,2820,'2023-02-10 00:00:00','2023-02-10',NULL,NULL,NULL,'Bruna Hickmann'),(28,3,13,26,NULL,NULL,1,0,0,2821,'2023-10-04 00:00:00',NULL,NULL,'Divergência Idade CISPOA 137','23150000247632','João Juliano Pinheiro'),(29,3,12,27,NULL,NULL,1,0,1,2822,'2023-10-04 00:00:00',NULL,NULL,NULL,'23150000253748','Cristiano Silveira'),(30,3,2,28,NULL,NULL,1,0,1,2823,'2023-09-10 00:00:00','2023-09-10',NULL,NULL,NULL,'Bruna Hickmann'),(31,3,2,29,NULL,NULL,1,0,0,2824,'2023-10-10 00:00:00','2023-10-10',NULL,NULL,NULL,'Bruna Hickmann'),(32,3,13,30,NULL,NULL,1,0,0,2825,'2023-10-10 00:00:00','2023-10-10',NULL,NULL,NULL,'Igo Lobler'),(33,3,3,31,NULL,NULL,1,0,0,2826,'2023-10-11 00:00:00','2023-10-11',NULL,'GTA Y-822790',NULL,'João Juliano Pinheiro'),(34,3,2,32,NULL,NULL,1,0,0,2827,'2023-10-17 00:00:00','2023-10-17',NULL,NULL,NULL,'João Juliano Pinheiro'),(35,3,3,33,NULL,NULL,1,0,0,2828,'2023-10-17 00:00:00','2023-10-17',NULL,NULL,NULL,'Cristiano Silveira'),(36,3,12,34,2,NULL,0,0,0,2829,'2023-10-19 10:50:00','2023-10-19',NULL,NULL,'24150000014897','Igo Lobler'),(37,3,4,35,NULL,NULL,1,0,0,2831,'2023-10-19 00:00:00','2023-11-09',NULL,NULL,NULL,'Bruna Hickmann'),(38,3,1,36,2,NULL,1,0,0,2832,'2023-10-23 10:30:00','2023-10-23',NULL,'AÇÃO INADIMPLENTE DEC. 2022','24150000273620','Bruna Hickmann'),(39,3,1,37,2,NULL,1,0,0,2833,'2023-10-23 14:30:00','2023-10-23',NULL,NULL,'24150000273612','Bruna Hickmann'),(40,3,1,38,2,NULL,1,0,0,2834,'2023-10-24 10:05:00','2023-10-24',NULL,'AÇÃO INADIMPLENTE DEC. 2021 e 2022','24150000273582','Igo Lobler'),(41,3,1,39,2,NULL,1,0,0,2835,'2023-10-25 08:28:00','2023-10-25',NULL,'AÇÃO INADIMPLENTE DEC. 2021 e 2022','24150000273515','Igo Lobler'),(42,3,2,40,2,NULL,1,0,0,2836,'2023-10-25 13:46:00','2023-10-25',NULL,NULL,'24150000273264','Antonio Werner'),(43,3,12,41,NULL,NULL,1,0,1,2837,'2023-10-26 00:00:00','2023-10-26',NULL,NULL,'23150000264812','Bruna Hickmann'),(44,3,12,42,NULL,NULL,1,0,1,2838,'2023-10-26 00:00:00','2023-10-26',NULL,NULL,'23150000265410','João Juliano Pinheiro'),(45,3,2,43,NULL,NULL,1,0,0,2839,'2023-10-26 00:00:00',NULL,NULL,NULL,NULL,'Cristiano Silveira'),(46,3,3,44,2,NULL,1,0,0,2840,'2023-10-26 16:21:00','2023-10-26',NULL,NULL,'24150000273329','Igo Lobler'),(47,3,2,45,2,NULL,1,0,0,2841,'2023-10-26 17:13:00','2023-10-26',NULL,NULL,'24150000273140','Igo Lobler'),(48,3,1,46,2,NULL,1,0,0,2842,'2023-10-27 10:00:00','2023-10-27',NULL,NULL,'24150000272896','Bruna Hickmann'),(49,3,3,47,NULL,NULL,1,0,1,2843,'2023-10-27 00:00:00','2023-10-27',NULL,NULL,'23150000266777','Cristiano Silveira'),(50,3,2,48,2,'',1,0,0,2844,'2023-10-30 08:05:00','2023-10-30','','','24150000272500','Bruna Hickmann'),(51,3,13,49,NULL,NULL,1,0,1,2845,'2023-10-30 00:00:00','2023-10-30',NULL,NULL,'23150000266769','Cristiano Silveira'),(52,3,2,50,2,NULL,1,0,0,2846,'2023-10-30 09:00:00','2023-10-30',NULL,'AÇÃO INADIMPLENTE DEC. 2022','24150000272365','Bruna Hickmann'),(53,3,2,51,NULL,NULL,1,0,0,2847,'2023-10-30 00:00:00','2023-10-30',NULL,NULL,NULL,'Cristiano Silveira'),(54,3,1,52,2,NULL,1,0,0,2848,'2023-10-30 16:50:00','2023-10-30',NULL,'AÇÃO INADIMPLENTE DEC. 2022','24150000272241','Bruna Hickmann'),(55,3,1,53,2,NULL,1,0,0,2849,'2023-10-31 09:29:00','2023-10-31',NULL,'AÇÃO INADIMPLENTE DEC. 2020, 2021 e 2022','24150000272233','Antonio Werner'),(56,3,1,54,2,NULL,1,0,0,2850,'2024-10-31 10:30:00','2023-10-31',NULL,'AÇÃO INADIMPLENTE DEC. 2021 e 2022','24150000272160','Antonio Werner'),(57,3,3,55,2,NULL,1,0,0,2851,'2023-10-31 11:30:00','2023-10-31',NULL,NULL,'24150000281976','Cristiano Silveira'),(58,3,13,56,NULL,NULL,1,0,0,2852,'2023-10-31 00:00:00','2023-10-31',NULL,NULL,NULL,'Antonio Werner'),(59,3,1,57,2,NULL,1,0,0,2853,'2023-10-31 15:15:00','2023-10-31',NULL,NULL,'24150000272055','Bruna Hickmann'),(60,3,12,58,NULL,NULL,1,0,0,2854,'2023-10-31 00:00:00','2023-10-31',NULL,NULL,NULL,'Cristiano Silveira'),(61,3,1,59,2,NULL,1,0,0,2855,'2023-11-01 14:13:00','2023-11-01',NULL,'AÇÃO INADIMPLENTE DEC. 2023','24150000272004','Igo Lobler'),(62,3,1,60,2,NULL,1,0,0,2856,'2023-11-01 16:04:00','2023-11-08',NULL,'AÇÃO INADIMPLENTE DEC. 2023','24150000300911','Igo Lobler'),(63,3,2,61,NULL,NULL,1,0,0,2857,'2023-11-01 00:00:00',NULL,NULL,'AÇÃO INADIMPLENTE DEC. 2023',NULL,'Igo Lobler'),(64,3,2,62,NULL,NULL,1,0,0,2858,'2023-06-11 00:00:00','2023-11-06',NULL,'AÇÃO INADIMPLENTE DEC. 2023',NULL,'Igo Lobler'),(65,3,2,63,NULL,NULL,1,0,0,2859,'2023-06-11 00:00:00','2023-11-06',NULL,'AÇÃO INADIMPLENTE DEC. 2023',NULL,'Igo Lobler'),(66,3,2,64,NULL,NULL,1,0,0,2860,'2023-11-06 00:00:00','2023-11-06',NULL,'AÇÃO INADIMPLENTE DEC. 2023',NULL,'Bruna Hickmann'),(67,3,2,65,2,NULL,1,0,0,2861,'2023-11-07 15:07:00','2023-11-07',NULL,'AÇÃO INADIMPLENTE DEC. 2023','24150000271920','Igo Lobler'),(68,3,2,66,NULL,NULL,1,0,0,2862,'2023-11-08 00:00:00','2023-08-11',NULL,'AÇÃO INADIMPLENTE DEC. 2023',NULL,'Antonio Werner'),(69,3,1,67,2,NULL,1,0,0,2863,'2023-08-11 11:51:00','2023-08-11',NULL,'AÇÃO INADIMPLENTE DEC. 2023','24150000297341','Antonio Werner'),(70,3,1,68,2,NULL,1,0,0,2864,'2023-08-11 11:59:00','2023-11-08',NULL,'AÇÃO INADIMPLENTE DEC. 2023','24150000297384','Antonio Werner'),(71,3,1,69,2,NULL,1,0,0,2865,'2023-11-08 14:42:00','2023-11-08',NULL,'AÇÃO INADIMPLENTE DEC. 2023','24150000279017','Igo Lobler'),(72,3,4,70,NULL,NULL,1,0,0,2866,'2023-11-09 00:00:00','2023-11-09',NULL,NULL,NULL,'João Juliano Pinheiro'),(73,3,4,71,NULL,NULL,1,0,0,2867,'2023-11-09 00:00:00','2023-11-09',NULL,NULL,NULL,'João Juliano Pinheiro'),(74,3,13,72,NULL,NULL,1,0,0,2868,'2023-11-16 00:00:00',NULL,NULL,NULL,NULL,'João Juliano Pinheiro'),(75,3,1,73,2,NULL,1,0,0,2869,'2023-09-11 09:17:00','2023-11-09',NULL,'AÇÃO INADIMPLENTE DEC. 2023','24150000279068','Bruna Hickmann'),(76,3,1,74,2,NULL,1,0,0,2870,'2023-11-14 14:55:00','2023-11-14',NULL,'AÇÃO INADIMPLENTE DEC. 2023','24150000297333','Antonio Werner'),(77,3,1,75,2,NULL,1,0,0,2871,'2023-09-11 09:30:00','2023-11-09',NULL,'AÇÃO INADIMPLENTE DEC. 2023','24150000278851','Bruna Hickmann'),(78,3,2,76,3,NULL,1,0,0,2872,'2023-09-11 00:00:00','2023-11-09',NULL,'AÇÃO INADIMPLENTE DEC. 2023','25150000323488','Bruna Hickmann'),(79,3,1,77,2,NULL,1,0,0,2873,'2023-11-09 15:42:00','2023-11-09',NULL,'AÇÃO INADIMPLENTE DEC. 2023','24150000294989','Antonio Werner'),(80,3,1,78,2,NULL,1,0,0,2874,'2023-11-09 16:26:00','2023-11-09',NULL,'AÇÃO INADIMPLENTE DEC. 2023','24150000278908','Igo Lobler'),(81,3,2,79,2,NULL,1,0,0,2875,'2023-11-10 00:00:00','2023-11-10',NULL,NULL,'24150000294989','Antonio Werner'),(82,3,13,80,2,NULL,0,0,0,2876,'2023-10-31 00:00:00','2024-02-19',NULL,NULL,'24150000296868','Antonio Werner'),(83,3,1,81,2,NULL,1,0,0,2877,'2023-11-10 14:25:00','2023-11-10',NULL,'AÇÃO INADIMPLENTE DEC. 2023','24150000278959','Bruna Hickmann'),(84,3,4,82,NULL,NULL,1,0,0,2878,'2023-11-13 00:00:00',NULL,NULL,NULL,NULL,'João Juliano Pinheiro'),(85,3,4,83,NULL,NULL,1,0,0,2879,'2023-11-13 00:00:00',NULL,NULL,NULL,NULL,'João Juliano Pinheiro'),(86,3,1,367,2,NULL,1,0,0,2880,'2023-11-13 11:08:00','2023-11-13',NULL,'AÇÃO INADIMPLENTE DEC. 2023','24150000279106','Igo Lobler'),(87,3,1,84,2,NULL,1,0,0,2881,'2023-11-13 07:31:00','2023-11-13',NULL,'AÇÃO INADIMPLENTE DEC. 2023','24150000279190','Bruna Hickmann'),(88,3,1,85,3,NULL,1,0,0,2882,'2023-11-20 00:00:00','2023-11-20',NULL,'AÇÃO INADIMPLENTE DEC. 2023','24150000277790','Bruna Hickmann'),(89,3,12,86,NULL,NULL,1,0,0,2883,'2023-11-22 00:00:00',NULL,NULL,NULL,NULL,'João Juliano Pinheiro'),(90,3,2,87,NULL,NULL,1,0,0,2884,'2023-11-14 00:00:00',NULL,NULL,'AÇÃO INADIMPLENTE DEC. 2023',NULL,'Antonio Werner'),(91,3,3,87,NULL,NULL,1,0,0,2885,'2023-11-14 00:00:00',NULL,NULL,NULL,NULL,'Antonio Werner'),(92,3,1,88,2,NULL,1,0,0,2886,'2023-11-20 17:35:00','2023-11-20',NULL,'AÇÃO INADIMPLENTE DEC. 2023','24150000279432','Igo Lobler'),(93,3,2,89,NULL,NULL,1,0,0,2887,'2023-11-22 00:00:00',NULL,NULL,'AÇÃO INADIMPLENTE DEC. 2023',NULL,'Antonio Werner'),(94,3,1,90,2,NULL,1,0,0,2888,'2023-11-22 00:00:00','2023-11-20',NULL,'AÇÃO INADIMPLENTE DEC. 2023',NULL,'Antonio Werner'),(95,3,2,91,NULL,NULL,1,0,0,2889,'2023-11-22 00:00:00',NULL,NULL,NULL,NULL,'Antonio Werner'),(96,3,1,423,2,NULL,1,0,0,2890,'2023-11-23 07:31:00','2023-11-23',NULL,'AÇÃO INADIMPLENTE DEC. 2023','24150000279459','Igo Lobler'),(97,3,12,92,NULL,NULL,1,0,1,2891,'2023-11-23 00:00:00','2023-11-23',NULL,NULL,NULL,'Bruna Hickmann'),(98,3,1,93,2,NULL,1,0,0,2892,'2023-11-23 15:20:00','2023-11-23',NULL,'AÇÃO INADIMPLENTE DEC. 2023','24150000279491','Bruna Hickmann'),(99,3,1,506,2,NULL,1,0,0,2893,'2023-11-28 14:15:00','2023-11-28',NULL,'AÇÃO INADIMPLENTE DEC. 2023','24150000279513','Bruna Hickmann'),(100,3,1,94,3,NULL,1,0,0,2894,'2023-11-29 00:00:00','2023-11-29',NULL,'AÇÃO INADIMPLENTE DEC. 2023','24150000277731','Igo Lobler'),(101,3,1,95,3,NULL,1,0,0,2895,'2023-11-29 00:00:00','2023-11-29',NULL,'AÇÃO INADIMPLENTE DEC. 2023','24150000277707','Igo Lobler'),(102,3,1,36,2,NULL,1,0,0,2896,'2023-11-30 09:05:00','2023-11-30',NULL,'AÇÃO INADIMPLENTE DEC. 2023','24150000279602','Igo Lobler'),(103,3,1,96,2,NULL,1,0,0,2897,'2023-11-30 16:00:00','2023-11-30',NULL,'AÇÃO INADIMPLENTE DEC. 2023','24150000279653','Bruna Hickmann'),(104,3,1,97,2,NULL,1,0,0,2898,'2023-12-04 09:26:00','2023-12-04',NULL,'AÇÃO INADIMPLENTE DEC. 2023','24150000279688','Bruna Hickmann'),(105,3,13,98,NULL,NULL,1,0,0,2899,'2023-12-04 00:00:00',NULL,NULL,'Divergência de idade CISPOA 137','23150000304725','João Juliano Pinheiro'),(106,3,2,99,NULL,NULL,1,0,0,2900,'2023-12-05 00:00:00','2023-12-05',NULL,'AÇÃO INADIMPLENTE DEC. 2023',NULL,'Bruna Hickmann'),(107,3,13,99,NULL,NULL,1,0,1,2901,'2023-12-05 00:00:00','2023-12-05',NULL,NULL,NULL,'Bruna Hickmann'),(108,3,1,100,2,NULL,1,0,0,2902,'2023-12-06 10:05:00','2024-07-29',NULL,'AÇÃO INADIMPLENTE DEC. 2023','24150000294938','Antonio Werner'),(109,3,1,101,2,NULL,1,0,0,2903,'2023-12-06 10:16:00','2024-01-09',NULL,'AÇÃO INADIMPLENTE DEC. 2023','24150000295268','Antonio Werner'),(110,3,1,102,2,NULL,1,0,0,2904,'2023-12-06 10:20:00','2024-12-26',NULL,'AÇÃO INADIMPLENTE DEC. 2023','24150000274180','Antonio Werner'),(111,3,2,103,NULL,NULL,1,0,0,2905,'2023-12-06 00:00:00',NULL,NULL,'AÇÃO INADIMPLENTE DEC. 2023',NULL,'Antonio Werner'),(112,3,2,104,NULL,NULL,1,0,0,2906,'2023-06-12 00:00:00',NULL,NULL,'AÇÃO INADIMPLENTE DEC. 2023',NULL,'Antonio Werner'),(113,3,1,105,2,NULL,1,0,0,2907,'2023-12-07 15:23:00','2023-12-07',NULL,'AÇÃO INADIMPLENTE DEC. 2023','24150000279823','Igo Lobler'),(114,3,1,106,2,NULL,1,0,0,2908,'2023-12-08 11:34:00','2023-12-08',NULL,'AÇÃO INADIMPLENTE DEC. 2023','24150000279904','Bruna Hickmann'),(115,3,1,107,2,NULL,1,0,0,2909,'2023-08-12 16:02:00','2024-12-08',NULL,'AÇÃO INADIMPLENTE DEC. 2023','24150000274201','Antonio Werner'),(116,3,1,108,2,NULL,1,0,0,2910,'2023-12-11 16:18:00','2023-12-11',NULL,'AÇÃO INADIMPLENTE DEC. 2023','24150000279947','Igo Lobler'),(117,3,1,109,2,NULL,1,0,0,2911,'2023-12-14 13:45:00','2023-12-14',NULL,'AÇÃO INADIMPLENTE DEC. 2023','24150000280015','Bruna Hickmann'),(118,3,1,110,2,NULL,1,0,0,2912,'2023-12-14 14:15:00','2023-12-14',NULL,'AÇÃO INADIMPLENTE DEC. 2023','24150000280074','Igo Lobler'),(119,3,1,524,2,NULL,1,0,0,2913,'2023-12-14 16:41:00','2023-12-14',NULL,'AÇÃO INADIMPLENTE DEC. 2023','24150000280333','Igo Lobler'),(120,3,1,112,2,NULL,1,0,0,2914,'2023-12-15 08:08:00','2023-12-15',NULL,'AÇÃO INADIMPLENTE DEC. 2023','25150000157065','Antonio Werner'),(121,3,1,113,2,NULL,1,0,0,2915,'2023-12-15 09:35:00','2024-12-15',NULL,'AÇÃO INADIMPLENTE DEC. 2023','24150000274236','Antonio Werner'),(122,3,1,114,2,NULL,1,0,0,2916,'2023-12-15 10:52:00','2023-12-15',NULL,'AÇÃO INADIMPLENTE DEC. 2023','24150000280490','Igo Lobler'),(123,3,1,115,2,NULL,1,0,0,2917,'2023-12-15 11:30:00','2024-12-15',NULL,'AÇÃO INADIMPLENTE DEC. 2023','24150000280570','Bruna Hickmann'),(124,3,1,116,2,NULL,1,0,0,2918,'2023-12-15 13:55:00','2023-12-15',NULL,'AÇÃO INADIMPLENTE DEC. 2023','24150000280643','Bruna Hickmann'),(125,3,1,117,2,NULL,1,0,0,2919,'2023-12-18 14:06:00','2024-01-26',NULL,'AÇÃO INADIMPLENTE DEC. 2023','24150000297244','Antonio Werner'),(126,3,1,118,2,NULL,1,0,0,2920,'2023-12-18 14:48:00','2024-01-29',NULL,'AÇÃO INADIMPLENTE DEC. 2023','24150000297309','Antonio Werner'),(127,3,2,119,NULL,NULL,1,0,0,2921,'2023-12-19 00:00:00',NULL,NULL,'AÇÃO INADIMPLENTE DEC. 2023',NULL,'Antonio Werner'),(128,3,1,61,2,NULL,1,0,0,2922,'2023-12-20 13:52:00','2023-12-20',NULL,'AÇÃO INADIMPLENTE DEC. 2023','24150000280775','Igo Lobler'),(129,3,1,120,2,NULL,1,0,0,2923,'2023-12-20 09:23:00','2023-12-21',NULL,'AÇÃO INADIMPLENTE DEC. 2022 e 2023','24150000280848','Antonio Werner'),(130,3,1,121,2,NULL,1,0,0,2924,'2023-12-26 08:41:00','2023-12-26',NULL,'AÇÃO INADIMPLENTE DEC. 2023','24150000274295','Antonio Werner'),(131,3,2,122,NULL,NULL,1,0,0,2925,'2023-12-26 00:00:00',NULL,NULL,'AÇÃO INADIMPLENTE DEC. 2023',NULL,'Antonio Werner'),(132,3,2,123,NULL,NULL,1,0,0,2926,'2023-12-27 00:00:00','2023-12-27',NULL,'AÇÃO INADIMPLENTE DEC. 2023','25150000323330','Igo Lobler'),(133,3,2,124,NULL,NULL,1,0,0,2927,'2023-12-27 00:00:00','2023-12-27',NULL,'AÇÃO INADIMPLENTE DEC. 2023','25150000323372','Igo Lobler'),(134,3,1,125,2,NULL,1,0,0,2928,'2023-12-27 14:13:00','2023-12-27',NULL,'AÇÃO INADIMPLENTE DEC. 2023','24150000280937','Igo Lobler'),(135,3,1,126,2,'',1,0,0,2929,'2023-12-27 14:27:00','2023-12-27','','AÇÃO INADIMPLENTE DEC. 2023','24150000274325','Antonio Werner'),(136,3,1,127,2,NULL,1,0,0,2930,'2023-12-27 14:49:00','2023-12-27',NULL,'AÇÃO INADIMPLENTE DEC. 2023','24150000274350','Antonio Werner'),(137,3,2,128,2,NULL,1,0,0,2931,'2023-12-27 00:00:00',NULL,NULL,'AÇÃO INADIMPLENTE DEC. 2023',NULL,'Antonio Werner'),(138,3,1,129,2,NULL,1,0,0,2932,'2023-12-27 15:09:00','2023-12-27',NULL,'AÇÃO INADIMPLENTE DEC. 2023','24150000274392','Antonio Werner'),(139,3,1,130,2,NULL,1,0,0,2933,'2023-12-29 15:03:00','2023-12-29',NULL,'AÇÃO INADIMPLENTE DEC. 2023','24150000281046','Igo Lobler'),(140,3,2,131,2,NULL,1,0,0,2934,'2023-12-29 16:09:00','2023-12-29',NULL,NULL,'24150000281135','Antonio Werner'),(141,3,1,132,2,NULL,1,0,0,2935,'2024-01-03 08:57:00','2024-01-03',NULL,'AÇÃO INADIMPLENTE DEC. 2023','24150000281208','Igo Lobler'),(142,3,1,133,3,NULL,1,0,0,2936,'2024-03-01 00:00:00','2024-01-03',NULL,'AÇÃO INADIMPLENTE DEC. 2023','25150000323500','Igo Lobler'),(143,3,1,134,2,NULL,1,0,0,2937,'2024-01-04 10:09:00','2024-01-04',NULL,'AÇÃO INADIMPLENTE DEC. 2023','24150000281399','Igo Lobler'),(144,3,1,135,2,NULL,1,0,0,2938,'2024-01-04 14:10:00','2024-01-04',NULL,'AÇÃO INADIMPLENTE DEC. 2023','24150000281445','Igo Lobler'),(145,3,10,136,2,NULL,1,0,0,2939,'2024-01-04 15:55:00','2024-01-04',NULL,NULL,'24150000281542','Igo Lobler'),(146,3,1,137,2,NULL,1,0,0,2940,'2024-01-05 14:31:00','2024-01-05',NULL,'AÇÃO INADIMPLENTE DEC. 2023','24150000281658','Igo Lobler'),(147,3,2,138,2,NULL,1,0,0,2941,'2024-01-08 16:00:00','2024-01-08',NULL,'AÇÃO INADIMPLENTE DEC. 2023','24150000281666','Antonio Werner'),(148,3,1,138,2,NULL,1,0,0,2942,'2024-01-08 16:00:00','2024-01-08',NULL,'AÇÃO INADIMPLENTE DEC. 2023','24150000281674','Antonio Werner'),(149,3,1,139,2,NULL,1,0,0,2943,'2024-01-11 13:50:00','2024-01-11',NULL,'AÇÃO INADIMPLENTE DEC. 2023','24150000274660','Igo Lobler'),(150,3,1,140,2,NULL,1,0,0,2944,'2024-01-11 14:19:00','2024-01-11',NULL,'AÇÃO INADIMPLENTE DEC. 2023','24150000274961','Igo Lobler'),(151,3,1,141,2,NULL,1,0,0,2945,'2024-12-01 10:17:00','2024-01-12',NULL,'AÇÃO INADIMPLENTE DEC. 2023','24150000281682','Antonio Werner'),(152,3,2,142,NULL,NULL,1,0,0,2946,'2024-01-15 00:00:00',NULL,NULL,NULL,NULL,'Antonio Werner'),(153,3,2,142,NULL,NULL,1,0,0,2947,'2024-01-15 00:00:00',NULL,NULL,NULL,NULL,'Antonio Werner'),(154,3,2,143,2,NULL,1,0,0,2948,'2024-01-15 14:39:00','2024-01-15',NULL,NULL,'24150000281690','Igo Lobler'),(155,3,1,144,2,NULL,1,0,0,2949,'2024-01-16 08:33:00','2024-01-16',NULL,'AÇÃO INADIMPLENTE DEC. 2023','24150000281704','Igo Lobler'),(156,3,2,145,NULL,NULL,1,0,0,2950,'2024-01-18 00:00:00',NULL,NULL,'AÇÃO INADIMPLENTE DEC. 2023',NULL,'Antonio Werner'),(157,3,3,145,NULL,NULL,1,0,0,2951,'2024-01-18 00:00:00',NULL,NULL,NULL,NULL,'Antonio Werner'),(158,3,2,146,NULL,NULL,1,0,0,2952,'2023-11-12 00:00:00',NULL,NULL,'AÇÃO INADIMPLENTE DEC. 2023',NULL,'Antonio Werner'),(159,3,1,147,2,NULL,1,0,0,2953,'2023-12-29 00:00:00','2023-12-29',NULL,'AÇÃO INADIMPLENTE DEC. 2023','24150000295381','Antonio Werner'),(160,3,1,148,NULL,NULL,1,0,0,2954,'2024-01-18 00:00:00',NULL,NULL,'AÇÃO INADIMPLENTE DEC. 2023',NULL,'Antonio Werner'),(161,3,2,149,NULL,NULL,1,0,0,2955,'2024-01-25 00:00:00',NULL,NULL,'AÇÃO INADIMPLENTE DEC. 2023',NULL,'Antonio Werner'),(162,3,3,149,NULL,NULL,1,0,0,2956,'2024-01-25 00:00:00',NULL,NULL,NULL,NULL,'Antonio Werner'),(163,3,2,150,NULL,NULL,1,0,0,2957,'2024-01-25 00:00:00',NULL,NULL,'AÇÃO INADIMPLENTE DEC. 2023',NULL,'Antonio Werner'),(164,3,1,151,2,NULL,1,0,0,2958,'2024-01-25 14:04:00','2024-01-25',NULL,'AÇÃO INADIMPLENTE DEC. 2023','24150000281712','Igo Lobler'),(165,3,1,152,2,NULL,1,0,0,2959,'2024-01-25 15:25:00','2024-01-25',NULL,'AÇÃO INADIMPLENTE DEC. 2023','24150000281720','Cristiano Silveira'),(166,3,3,152,2,NULL,1,0,0,2960,'2024-01-25 15:25:00','2024-01-25',NULL,NULL,'24150000281739','Cristiano Silveira'),(167,3,1,153,2,NULL,1,0,0,2961,'2024-01-26 08:50:00','2024-01-26',NULL,'AÇÃO INADIMPLENTE DEC. 2023','24150000281747','Cristiano Silveira'),(168,3,1,154,2,NULL,1,0,0,2962,'2024-01-26 09:47:00','2024-01-26',NULL,'AÇÃO INADIMPLENTE DEC. 2023','24150000281755','Igo Lobler'),(169,3,2,155,NULL,NULL,1,0,0,2963,'2024-01-26 00:00:00',NULL,NULL,'AÇÃO INADIMPLENTE DEC. 2023',NULL,'Antonio Werner'),(170,3,1,156,2,NULL,1,0,0,2964,'2024-01-30 13:45:00','2024-01-30',NULL,'AÇÃO INADIMPLENTE DEC. 2023','24150000281771','Cristiano Silveira'),(171,3,2,157,NULL,NULL,1,0,0,2965,'2024-01-02 00:00:00',NULL,NULL,'AÇÃO INADIMPLENTE DEC. 2023',NULL,'Antonio Werner'),(172,3,2,158,NULL,NULL,1,0,0,2966,'2024-02-01 14:00:00',NULL,NULL,'AÇÃO INADIMPLENTE DEC. 2023',NULL,'Antonio Werner'),(173,3,13,159,3,NULL,0,0,1,2967,'2024-02-02 00:00:00','2024-04-11',NULL,'Notificação de trânsito SIE 137','24150000037021','João Juliano Pinheiro'),(174,3,7,160,NULL,NULL,1,0,0,2968,'2024-02-02 00:00:00',NULL,NULL,NULL,NULL,'Antonio Werner'),(175,3,12,160,NULL,NULL,1,0,0,2969,'2024-02-02 00:00:00',NULL,NULL,NULL,NULL,'Antonio Werner'),(176,3,12,161,NULL,NULL,1,0,0,2970,'2024-02-02 00:00:00',NULL,NULL,NULL,NULL,'Antonio Werner'),(177,3,1,162,2,NULL,1,0,0,2971,'2024-02-06 14:01:00','2024-02-06',NULL,'AÇÃO INADIMPLENTE DEC. 2023','24150000281798','Igo Lobler'),(178,3,1,163,2,NULL,1,0,0,2972,'2024-02-06 14:33:00','2024-02-06',NULL,'AÇÃO INADIMPLENTE DEC. 2023','24150000281801','Igo Lobler'),(179,3,2,164,NULL,NULL,1,0,0,2973,'2024-07-02 00:00:00',NULL,NULL,'AÇÃO INADIMPLENTE DEC. 2023',NULL,'Antonio Werner'),(180,3,2,165,NULL,NULL,1,0,0,2974,'2024-07-02 00:00:00',NULL,NULL,'AÇÃO INADIMPLENTE DEC. 2023',NULL,'Antonio Werner'),(181,3,1,166,2,NULL,1,0,0,2975,'2024-07-02 14:27:00','2024-02-20',NULL,'AÇÃO INADIMPLENTE DEC. 2023','24150000295438','Antonio Werner'),(182,3,13,167,NULL,NULL,1,0,0,2976,'2024-02-09 00:00:00',NULL,NULL,'Notificação de trânsito SIE 139',NULL,'Antonio Werner'),(183,3,1,168,NULL,NULL,1,0,0,2977,'2024-02-14 00:00:00',NULL,NULL,'AÇÃO INADIMPLENTE DEC. 2023',NULL,'Antonio Werner'),(184,3,1,169,2,NULL,1,0,0,2978,'2024-02-15 08:20:00','2024-02-15',NULL,'AÇÃO INADIMPLENTE DEC. 2023','24150000281810','Cristiano Silveira'),(185,3,1,170,2,NULL,1,0,0,2979,'2024-02-15 14:17:00','2024-02-15',NULL,'AÇÃO INADIMPLENTE DEC. 2023','24150000281828','Antonio Werner'),(186,3,1,171,2,NULL,1,0,0,2980,'2024-02-19 16:20:00','2024-02-19',NULL,'AÇÃO INADIMPLENTE DEC. 2023','24150000281844','Cristiano Silveira'),(187,3,1,172,2,NULL,1,0,0,2981,'2024-02-20 09:55:00','2024-02-20',NULL,'AÇÃO INADIMPLENTE DEC. 2023','24150000296795','Antonio Werner'),(188,3,13,173,NULL,NULL,1,0,0,2982,'2024-02-20 00:00:00',NULL,NULL,NULL,NULL,'Antonio Werner'),(189,3,2,174,NULL,NULL,1,0,0,2983,'2024-02-21 00:00:00','2024-02-21',NULL,NULL,NULL,'Cristiano Silveira'),(190,3,2,175,NULL,NULL,1,0,0,2984,'2024-02-23 00:00:00','2024-02-23',NULL,'AÇÃO INADIMPLENTE DEC. 2023',NULL,'Igo Lobler'),(191,3,1,176,3,NULL,1,0,0,2985,'2024-02-27 00:00:00','2024-02-27',NULL,'AÇÃO INADIMPLENTE DEC. 2024','24150000291912','João Juliano Pinheiro'),(192,3,1,177,3,NULL,1,0,0,2986,'2024-02-27 00:00:00','2024-02-27',NULL,'AÇÃO INADIMPLENTE DEC. 2025','24150000291947','João Juliano Pinheiro'),(193,3,2,178,NULL,NULL,1,0,0,2987,'2024-02-27 00:00:00','2024-02-27',NULL,'AÇÃO INADIMPLENTE DEC. 2023',NULL,'Igo Lobler'),(194,3,2,179,NULL,NULL,1,0,0,2988,'2024-02-27 00:00:00','2024-02-27',NULL,'AÇÃO INADIMPLENTE DEC. 2023',NULL,'Cristiano Silveira'),(195,3,1,180,NULL,NULL,1,0,0,2989,'2024-02-27 00:00:00',NULL,NULL,'AÇÃO INADIMPLENTE DEC. 2023',NULL,'João Juliano Pinheiro'),(196,3,13,181,NULL,NULL,1,0,0,2990,'2024-02-27 00:00:00',NULL,NULL,'Notificação de trânsito SIE 139',NULL,'Antonio Werner'),(197,3,2,182,NULL,NULL,1,0,0,2991,'2024-02-29 00:00:00','2024-02-29',NULL,'AÇÃO INADIMPLENTE DEC. 2023',NULL,'Igo Lobler'),(198,3,3,182,NULL,NULL,1,0,0,2992,'2024-02-29 00:00:00','2024-02-29',NULL,NULL,NULL,'Igo Lobler'),(199,3,12,183,NULL,NULL,1,0,1,2993,'2024-02-29 00:00:00','2024-03-08',NULL,'AÇÃO INADIMPLENTE DEC. 2023','24150000074253','João Juliano Pinheiro'),(200,3,3,184,NULL,NULL,1,0,0,2994,'2024-03-05 00:00:00','2024-03-05',NULL,NULL,NULL,'Igo Lobler'),(201,3,2,184,NULL,NULL,1,0,0,2995,'2024-03-05 00:00:00','2024-03-05',NULL,'AÇÃO INADIMPLENTE DEC. 2023',NULL,'Igo Lobler'),(202,3,2,185,NULL,NULL,1,0,0,2996,'2024-03-12 00:00:00','2024-03-12',NULL,'AÇÃO INADIMPLENTE DEC. 2023',NULL,'Igo Lobler'),(203,3,3,186,NULL,NULL,1,0,0,2997,'2024-07-03 00:00:00','2024-07-03',NULL,NULL,NULL,'Cristiano Silveira'),(204,3,3,185,2,NULL,1,0,0,2998,'2024-03-12 08:57:00','2024-03-12',NULL,NULL,'24150000274899','Igo Lobler'),(205,3,1,187,2,NULL,1,0,0,2999,'2024-07-03 08:57:00','2024-03-07',NULL,'AÇÃO INADIMPLENTE DEC. 2023','24150000274023','Igo Lobler'),(206,3,3,188,2,NULL,1,0,0,3000,'2024-03-12 13:55:00','2024-03-12',NULL,NULL,'24150000274937','Igo Lobler'),(207,3,1,189,2,NULL,1,0,0,3001,'2024-03-13 14:04:00','2024-03-13',NULL,'AÇÃO INADIMPLENTE DEC. 2022 e 2023','24150000274880','Igo Lobler'),(208,3,3,190,2,NULL,1,0,0,3002,'2024-03-14 09:04:00','2024-03-14',NULL,NULL,'24150000274090','Igo Lobler'),(209,3,2,191,2,NULL,1,0,0,3003,'2024-03-14 13:50:00','2024-03-14',NULL,'AÇÃO INADIMPLENTE DEC. 2023','24150000274066','Igo Lobler'),(210,3,1,192,2,'',1,0,0,3004,'2024-03-15 15:20:00','2024-03-15','','AÇÃO INADIMPLENTE DEC. 2023','24150000281887','Cristiano Silveira'),(211,3,1,193,2,NULL,1,0,0,3005,'2024-03-18 15:00:00','2024-03-18',NULL,'AÇÃO INADIMPLENTE DEC. 2023','24150000274210','Igo Lobler'),(212,3,1,194,2,NULL,1,0,0,3006,'2024-03-18 00:00:00','2024-03-21',NULL,'AÇÃO INADIMPLENTE DEC. 2023','24150000295187','Antonio Werner'),(213,3,3,195,2,NULL,1,0,0,3007,'2024-03-21 10:02:00','2024-03-21',NULL,NULL,'24150000274188','Igo Lobler'),(214,3,1,196,2,NULL,1,0,0,3008,'2024-03-22 10:24:00','2024-03-22',NULL,'AÇÃO INADIMPLENTE DEC. 2023','24150000274155','Igo Lobler'),(215,3,2,197,NULL,NULL,1,0,0,3009,'2024-03-22 00:00:00','2024-03-22',NULL,'AÇÃO INADIMPLENTE DEC. 2023',NULL,'Antonio Werner'),(216,3,2,198,NULL,NULL,1,0,0,3010,'2024-03-25 00:00:00','2024-03-25',NULL,NULL,NULL,'Igo Lobler'),(217,3,2,199,3,NULL,1,0,0,3011,'2024-01-04 09:30:00','2024-01-04',NULL,'ACAO INADIMPLENTE DEC. 2023','24150000274376','Cristiano Silveira'),(218,3,1,200,2,NULL,1,0,0,3012,'2024-04-02 14:51:00','2024-04-05',NULL,'ACAO INADIMPLENTE DEC. 2023','25150000156301','Antonio Werner'),(219,3,2,201,3,NULL,1,0,0,3013,'2024-02-04 15:45:00','2024-04-02',NULL,'ACAO INADIMPLENTE DEC. 2023','24150000274481','Cristiano Silveira'),(220,3,1,202,3,NULL,1,0,0,3014,'2024-04-04 00:00:00','2024-04-04',NULL,'ACAO INADIMPLENTE DEC. 2023','24150000277456','Igo Lobler'),(221,3,1,203,3,NULL,1,0,0,3015,'2024-09-04 00:00:00','2024-04-10',NULL,'ACAO INADIMPLENTE DEC. 2023','25150000323437','Cristiano Silveira'),(222,3,1,204,3,NULL,1,0,0,3016,'2024-10-04 00:00:00','2024-04-29',NULL,'ACAO INADIMPLENTE DEC. 2023','24150000276131','Cristiano Silveira'),(223,3,13,205,NULL,NULL,1,0,0,3017,'2024-04-16 00:00:00',NULL,NULL,'SIE 137 - Div. idade',NULL,'João Juliano Pinheiro'),(224,3,13,206,NULL,NULL,1,0,0,3018,'2024-04-16 00:00:00',NULL,NULL,'SIE 137 - Div. idade',NULL,'João Juliano Pinheiro'),(225,3,2,207,3,NULL,1,0,0,3019,'2024-04-18 00:00:00','2024-04-18',NULL,'ACAO INADIMPLENTE DEC. 2023','24150000274538','Igo Lobler'),(226,3,2,208,NULL,NULL,1,0,0,3020,'2024-04-18 00:00:00',NULL,NULL,'ACAO INADIMPLENTE DEC. 2023',NULL,'João Juliano Pinheiro'),(227,3,2,209,NULL,NULL,1,0,0,3021,'2024-04-18 00:00:00',NULL,NULL,'ACAO INADIMPLENTE DEC. 2023',NULL,'João Juliano Pinheiro'),(228,3,2,210,NULL,NULL,1,0,0,3022,'2024-04-18 00:00:00',NULL,NULL,'ACAO INADIMPLENTE DEC. 2023',NULL,'João Juliano Pinheiro'),(229,3,13,211,NULL,NULL,1,0,0,3023,'2024-04-19 00:00:00',NULL,NULL,'SIE 139 - Div. idade',NULL,'João Juliano Pinheiro'),(230,3,2,212,3,NULL,1,0,0,3024,'2024-04-19 00:00:00','2024-04-19',NULL,NULL,'24150000274562','Cristiano Silveira'),(231,3,2,213,NULL,NULL,1,0,0,3025,'2024-04-22 00:00:00',NULL,NULL,'ACAO INADIMPLENTE DEC. 2023',NULL,'João Juliano Pinheiro'),(232,3,2,214,NULL,NULL,1,0,0,3026,'2024-04-22 00:00:00',NULL,NULL,'ACAO INADIMPLENTE DEC. 2023',NULL,'João Juliano Pinheiro'),(233,3,3,214,NULL,NULL,1,0,0,3027,'2024-04-22 00:00:00',NULL,NULL,NULL,NULL,'João Juliano Pinheiro'),(234,3,1,215,3,NULL,1,0,0,3028,'2024-04-23 00:00:00','2024-04-26',NULL,'ACAO INADIMPLENTE DEC. 2023','24150000291823','João Juliano Pinheiro'),(235,3,13,216,NULL,NULL,1,0,0,3029,'2024-04-24 00:00:00',NULL,NULL,'SIF 3024 - Div. sexo','24150000133381','João Juliano Pinheiro'),(236,3,13,217,NULL,NULL,1,0,0,3030,'2024-04-24 00:00:00',NULL,NULL,'SIF 3024 - Div. quantidade',NULL,'João Juliano Pinheiro'),(237,3,2,218,NULL,NULL,1,0,0,3031,'2024-04-24 00:00:00',NULL,NULL,NULL,NULL,'Cristiano Silveira'),(238,3,12,219,NULL,NULL,1,0,0,3032,'2024-04-24 00:00:00','2024-04-24',NULL,NULL,'24150000134434','Igo Lobler'),(239,3,1,220,3,NULL,1,0,0,3033,'2024-04-24 00:00:00','2024-04-24',NULL,'ACAO INADIMPLENTE DEC. 2023','24150000290894','João Juliano Pinheiro'),(240,3,1,221,3,'',1,0,0,3034,'2024-04-24 00:00:00','2024-04-24','','ACAO INADIMPLENTE DEC. 2023','24150000292560','João Juliano Pinheiro'),(241,3,13,222,NULL,NULL,1,0,0,3035,'2024-04-25 00:00:00',NULL,NULL,'SIE 137 - Div. idade','24150000147986','João Juliano Pinheiro'),(242,3,13,222,NULL,NULL,1,0,0,3036,'2024-04-25 00:00:00',NULL,NULL,'SIE 137 - Div. idade','24150000148028','João Juliano Pinheiro'),(243,3,2,223,NULL,NULL,1,0,0,3037,'2024-04-25 00:00:00',NULL,NULL,'AÇAO INADIMPLENTE DEC.2023',NULL,'Cristiano Silveira'),(244,3,1,224,3,NULL,1,0,0,3038,'2024-04-25 00:00:00','2024-04-25',NULL,'AÇAO INADIMPLENTE DEC.2023','24150000292528','João Juliano Pinheiro'),(245,3,1,225,3,NULL,1,0,0,3039,'2024-04-26 00:00:00','2024-07-11',NULL,'AÇAO INADIMPLENTE DEC.2023','24150000292510','João Juliano Pinheiro'),(246,3,3,226,3,NULL,1,0,0,3040,'2024-04-29 00:00:00','2025-04-29',NULL,NULL,'25150000323470','Cristiano Silveira'),(247,3,2,227,NULL,NULL,1,0,0,3041,'2024-04-29 00:00:00',NULL,NULL,'AÇAO INADIMPLENTE DEC.2023',NULL,'João Juliano Pinheiro'),(248,3,3,228,3,NULL,1,0,0,3042,'2024-04-30 00:00:00','2024-04-30',NULL,NULL,'24150000276182','Igo Lobler'),(249,3,1,229,3,NULL,1,0,0,3043,'2024-04-30 00:00:00','2024-04-30',NULL,NULL,'24150000276255','Igo Lobler'),(250,3,13,230,NULL,NULL,1,0,0,3044,'2024-05-17 00:00:00',NULL,NULL,NULL,NULL,'João Juliano Pinheiro'),(251,3,13,231,NULL,NULL,1,0,0,3045,'2024-05-17 00:00:00',NULL,NULL,NULL,NULL,'João Juliano Pinheiro'),(252,3,13,232,NULL,NULL,1,0,0,3046,'2024-05-24 00:00:00',NULL,NULL,'Div. idade SIE 139',NULL,'João Juliano Pinheiro'),(253,3,1,233,2,NULL,1,0,0,3047,'2024-05-29 13:14:00','2024-05-29',NULL,'AÇAO INADIMPLENTE DEC.2023','24150000277847','Igo Lobler'),(254,3,13,234,NULL,NULL,1,0,0,3048,'2024-06-03 00:00:00',NULL,NULL,'SIE 139 - Div. idade GTA AA-711699','24150000172891','João Juliano Pinheiro'),(255,3,13,235,NULL,NULL,1,0,0,3049,'2024-06-03 00:00:00',NULL,NULL,'SIE 139 - Div. sexo GTA',NULL,'João Juliano Pinheiro'),(256,3,13,236,NULL,NULL,1,0,0,3050,'2024-06-03 00:00:00',NULL,NULL,'SIE 137 - Trânsito c/ GTA estornada',NULL,'João Juliano Pinheiro'),(257,3,2,237,2,NULL,1,0,0,3051,'2024-03-06 11:21:00','2024-03-06',NULL,NULL,'24150000276905','Antonio Werner'),(258,3,2,238,1,NULL,1,0,0,3052,'2024-06-03 15:40:00','2024-03-06',NULL,NULL,'24150000235400','Rebeca Dopke'),(259,3,2,239,1,NULL,1,0,0,3053,'2024-03-06 16:45:00','2024-03-06',NULL,NULL,'24150000235419','Rebeca Dopke'),(260,3,10,240,NULL,NULL,1,0,0,3054,'2024-04-06 00:00:00','2024-06-04',NULL,NULL,NULL,'Igo Lobler'),(261,3,2,241,2,NULL,1,0,0,3055,'2024-04-06 16:19:00','2024-06-04',NULL,NULL,'24150000277871','Igo Lobler'),(262,3,2,242,2,NULL,1,0,0,3056,'2024-06-04 16:48:00','2024-06-04',NULL,NULL,'24150000277820','Igo Lobler'),(263,3,10,243,NULL,NULL,1,0,0,3057,'2024-06-05 00:00:00','2024-06-05',NULL,NULL,NULL,'Igo Lobler'),(264,3,1,244,2,NULL,1,0,0,3058,'2024-06-06 10:18:00','2024-06-06',NULL,'AÇAO INADIMPLENTE DEC.2023','24150000276956','Igo Lobler'),(265,3,2,245,3,NULL,1,0,0,3059,'2024-06-06 10:40:00','2024-06-06',NULL,NULL,'24150000276298','João Juliano Pinheiro'),(266,3,2,246,3,NULL,1,0,0,3060,'2024-06-06 15:40:00','2024-06-06',NULL,NULL,'24150000276344','João Juliano Pinheiro'),(267,3,2,247,3,NULL,0,0,1,3061,'2024-06-07 09:50:00','2024-06-07',NULL,NULL,'24150000155385','João Juliano Pinheiro'),(268,3,2,248,3,NULL,1,0,0,3062,'2024-06-07 15:20:00','2024-06-07',NULL,NULL,'24150000276468','João Juliano Pinheiro'),(269,3,1,249,2,NULL,1,0,0,3063,'2024-06-10 11:09:00','2024-10-07',NULL,'AÇAO INADIMPLENTE DEC.2022 e 2023','24150000277103','Antonio Werner'),(270,3,2,250,NULL,NULL,1,0,0,3064,'2024-06-10 00:00:00',NULL,NULL,'AÇAO INADIMPLENTE DEC.2023',NULL,'João Juliano Pinheiro'),(271,3,2,251,3,NULL,1,0,0,3065,'2024-06-10 11:25:00','2024-06-10',NULL,'AÇAO INADIMPLENTE DEC.2023','24150000276565','João Juliano Pinheiro'),(272,3,2,252,2,NULL,1,0,0,3066,'2024-06-10 13:45:00','2024-10-06',NULL,NULL,'24150000277065','Antonio Werner'),(273,3,2,253,2,NULL,1,0,0,3067,'2024-10-06 14:25:00','2024-10-06',NULL,NULL,'24150000277022','Igo Lobler'),(274,3,1,254,2,NULL,1,0,0,3068,'2024-06-11 10:48:00','2024-06-11',NULL,'AÇAO INADIMPLENTE DEC.2020, 2021, 2022 e 2023','24150000276972','Igo Lobler'),(275,3,10,42,NULL,NULL,1,0,0,3069,'2024-11-06 00:00:00','2024-11-06',NULL,NULL,NULL,'Antonio Werner'),(276,3,2,255,NULL,NULL,1,0,0,3070,'2024-11-06 00:00:00',NULL,NULL,NULL,NULL,'Rebeca Dopke'),(277,3,2,256,NULL,NULL,1,0,0,3071,'2024-06-12 00:00:00',NULL,NULL,NULL,NULL,'João Juliano Pinheiro'),(278,3,1,257,3,NULL,1,0,0,3072,'2024-06-12 14:00:00','2024-06-12',NULL,'AÇAO INADIMPLENTE DEC.2023','24150000276638','João Juliano Pinheiro'),(279,3,1,258,3,NULL,1,0,0,3073,'2024-06-12 15:00:00','2024-07-23',NULL,'AÇAO INADIMPLENTE DEC.2023','24150000292455','João Juliano Pinheiro'),(280,3,1,259,2,NULL,1,0,0,3074,'2024-06-13 10:56:00','2024-06-13',NULL,'AÇAO INADIMPLENTE DEC.2023','24150000275640','Igo Lobler'),(281,3,1,260,2,NULL,1,0,0,3075,'2024-06-13 14:32:00','2024-06-13',NULL,'AÇAO INADIMPLENTE DEC.2023','24150000277120','Igo Lobler'),(282,3,12,261,3,NULL,0,0,1,3076,'2024-06-17 08:30:00','2024-06-20',NULL,NULL,'24150000171542','João Juliano Pinheiro'),(283,3,2,261,3,NULL,1,0,0,3077,'2024-06-17 08:30:00','2024-06-20',NULL,NULL,'24150000299158','João Juliano Pinheiro'),(284,3,2,262,NULL,NULL,1,0,0,3078,'2024-06-17 00:00:00',NULL,NULL,'AÇAO INADIMPLENTE DEC.2023',NULL,'Antonio Werner'),(285,3,2,263,3,NULL,1,0,0,3079,'2024-06-17 15:00:00','2024-06-17',NULL,NULL,'24150000275615','João Juliano Pinheiro'),(286,3,13,264,3,NULL,0,0,0,3080,'2024-06-18 10:30:00',NULL,NULL,'Div. idade SIE 139',NULL,'João Juliano Pinheiro'),(287,3,2,265,2,NULL,1,0,0,3081,'2024-06-19 10:34:00','2024-06-19',NULL,NULL,'24150000275569','Antonio Werner'),(288,3,1,266,2,NULL,1,0,0,3082,'2024-06-20 10:29:00','2024-06-20',NULL,'AÇAO INADIMPLENTE DEC.2023','24150000275550','Antonio Werner'),(289,3,2,267,1,NULL,1,0,0,3083,'2024-06-20 00:00:00','2024-06-20',NULL,'AÇAO INADIMPLENTE DEC.2023','24150000235443','Rebeca Dopke'),(290,3,2,268,NULL,NULL,1,0,0,3084,'2024-06-20 00:00:00',NULL,NULL,'AÇAO INADIMPLENTE DEC.2023',NULL,'João Juliano Pinheiro'),(291,3,2,269,3,NULL,1,0,0,3085,'2024-06-20 15:30:00','2024-06-20',NULL,NULL,'24150000275518','João Juliano Pinheiro'),(292,3,2,270,NULL,NULL,1,0,0,3086,'2024-06-21 00:00:00',NULL,NULL,'AÇAO INADIMPLENTE DEC.2023',NULL,'João Juliano Pinheiro'),(293,3,1,271,2,NULL,1,0,0,3087,'2024-06-24 10:54:00','2024-06-24',NULL,'AÇAO INADIMPLENTE DEC.2022 e 2023','24150000275470','Igo Lobler'),(294,3,1,272,2,NULL,1,0,0,3088,'2024-06-24 15:27:00','2024-06-24',NULL,'AÇAO INADIMPLENTE DEC.2023','24150000275437','Igo Lobler'),(295,3,1,273,2,NULL,1,0,0,3089,'2024-06-25 08:42:00','2024-06-25',NULL,'AÇAO INADIMPLENTE DEC.2023','24150000275399','Igo Lobler'),(296,3,2,274,1,NULL,1,0,0,3090,'2024-06-25 11:20:00','2024-06-25',NULL,NULL,'24150000235478','Rebeca Dopke'),(297,3,2,275,NULL,NULL,1,0,0,3091,'2024-06-25 00:00:00',NULL,NULL,NULL,'25150000318743','João Juliano Pinheiro'),(298,3,1,276,2,NULL,1,0,0,3092,'2024-06-25 15:39:00','2024-06-25',NULL,'AÇAO INADIMPLENTE DEC.2023','24150000275127','Antonio Werner'),(299,3,1,277,2,NULL,1,0,0,3093,'2024-06-26 14:50:00','2024-06-26',NULL,'AÇAO INADIMPLENTE DEC.2021, 2022 e 2023','24150000275100','Igo Lobler'),(300,3,3,277,2,NULL,1,0,0,3094,'2024-06-26 14:50:00','2024-06-26',NULL,NULL,'24150000275089','Igo Lobler'),(301,3,13,278,NULL,NULL,1,0,0,3095,'2024-06-26 00:00:00',NULL,NULL,'Div. idade SIE 139',NULL,'João Juliano Pinheiro'),(302,3,2,279,NULL,NULL,1,0,0,3096,'2024-06-27 00:00:00',NULL,NULL,'AÇAO INADIMPLENTE DEC.2023',NULL,'João Juliano Pinheiro'),(303,3,2,280,2,NULL,1,0,0,3097,'2024-06-28 15:08:00','2024-06-28',NULL,NULL,'24150000275038','Igo Lobler'),(304,3,2,281,3,NULL,1,0,0,3098,'2024-06-28 08:45:00','2024-07-01',NULL,'AÇAO INADIMPLENTE DEC.2023','24150000275003','João Juliano Pinheiro'),(305,3,3,281,3,NULL,1,0,0,3099,'2024-06-28 08:45:00','2024-07-01',NULL,NULL,'24150000274988','João Juliano Pinheiro'),(306,3,12,282,3,NULL,0,0,1,3100,'2024-07-01 08:30:00','2024-07-01',NULL,NULL,'24150000174690','João Juliano Pinheiro'),(307,3,1,283,2,NULL,1,0,0,3101,'2024-07-02 15:32:00','2024-07-02',NULL,'AÇAO INADIMPLENTE DEC.2022 e 2023','25150000156328','Antonio Werner'),(308,3,1,284,3,NULL,1,0,0,3102,'2024-07-03 15:00:00','2024-07-03',NULL,'AÇAO INADIMPLENTE DEC.2023','24150000291874','João Juliano Pinheiro'),(309,3,1,285,3,NULL,1,0,0,3103,'2024-07-03 15:00:00','2024-07-09',NULL,'AÇAO INADIMPLENTE DEC.2023','24150000291238','João Juliano Pinheiro'),(310,3,1,286,2,NULL,1,0,0,3104,'2024-07-04 09:16:00','2024-07-09',NULL,'AÇAO INADIMPLENTE DEC.2023','24150000295039','Antonio Werner'),(311,3,2,287,NULL,NULL,1,0,0,3105,'2024-07-08 00:00:00',NULL,NULL,'AÇAO INADIMPLENTE DEC.2023',NULL,'João Juliano Pinheiro'),(312,3,3,287,NULL,NULL,1,0,0,3106,'2024-07-08 00:00:00',NULL,NULL,'Z-300066',NULL,'João Juliano Pinheiro'),(313,3,1,288,3,NULL,1,0,0,3107,'2024-07-08 00:00:00','2024-07-08',NULL,'AÇAO INADIMPLENTE DEC.2023',NULL,'João Juliano Pinheiro'),(314,3,12,289,NULL,NULL,1,0,0,3108,'2024-07-09 00:00:00','2024-07-09',NULL,NULL,NULL,'Igo Lobler'),(315,3,2,290,NULL,NULL,1,0,0,3109,'2024-07-09 00:00:00',NULL,NULL,'AÇAO INADIMPLENTE DEC.2023',NULL,'João Juliano Pinheiro'),(316,3,1,291,2,NULL,1,0,0,3111,'2024-07-10 14:40:00','2024-07-10',NULL,'AÇAO INADIMPLENTE DEC.2023','24150000273701','Igo Lobler'),(317,3,1,292,2,NULL,1,0,0,3112,'2024-07-10 14:40:00','2024-07-10',NULL,'AÇAO INADIMPLENTE DEC.2022 e 2023','24150000273680','Igo Lobler'),(318,3,2,293,NULL,NULL,1,0,0,3113,'2024-07-15 00:00:00',NULL,NULL,'AÇAO INADIMPLENTE DEC.2023',NULL,'João Juliano Pinheiro'),(319,3,2,294,1,NULL,1,0,0,3114,'2024-07-17 10:00:00','2024-07-17',NULL,'AÇAO INADIMPLENTE DEC.2023','24150000235486','Rebeca Dopke'),(320,3,2,295,2,NULL,1,0,0,3115,'2024-07-17 14:05:00','2024-07-17',NULL,'AÇAO INADIMPLENTE DEC.2023','24150000273663','Antonio Werner'),(321,3,13,296,1,NULL,0,0,1,3116,'2024-07-18 09:00:00','2024-08-14',NULL,'SIE 137 - Div. idade GTA AA-914697','24150000195271','Rebeca Dopke'),(322,3,2,297,1,NULL,1,0,0,3117,'2024-07-19 09:00:00','2024-07-19',NULL,'AÇAO INADIMPLENTE DEC.2023','24150000235494','Rebeca Dopke'),(323,3,1,298,3,NULL,1,0,0,3118,'2024-07-19 14:05:00','2024-07-22',NULL,'AÇAO INADIMPLENTE DEC.2023','24150000291211','João Juliano Pinheiro'),(324,3,2,299,3,NULL,1,0,0,3119,'2024-07-19 16:45:00','2024-07-19',NULL,'AÇAO INADIMPLENTE DEC.2023','24150000273655','João Juliano Pinheiro'),(325,3,2,300,NULL,NULL,1,0,0,3120,'2024-07-22 00:00:00',NULL,NULL,NULL,NULL,'João Juliano Pinheiro'),(326,3,2,301,3,NULL,1,0,0,3121,'2024-07-24 09:00:00','2024-07-24',NULL,NULL,'24150000273566','João Juliano Pinheiro'),(327,3,2,302,3,NULL,0,0,1,3122,'2024-07-24 09:20:00','2024-07-24',NULL,NULL,'24150000199072','João Juliano Pinheiro'),(328,3,13,303,NULL,NULL,1,0,0,3123,'2024-07-26 00:00:00',NULL,NULL,'SIE 137 - Div. idade GTA AA-946575',NULL,'João Juliano Pinheiro'),(329,3,2,304,3,NULL,1,0,0,3124,'2024-07-26 14:15:00','2024-07-26',NULL,NULL,'24150000273523','João Juliano Pinheiro'),(330,3,2,305,3,NULL,1,0,0,3125,'2024-07-26 15:15:00','2024-07-26',NULL,NULL,'24150000273450','João Juliano Pinheiro'),(331,3,1,306,2,NULL,1,0,0,3126,'2024-07-29 09:43:00','2024-07-29',NULL,'500.181.910-53','24150000273302','Antonio Werner'),(332,3,12,307,3,NULL,0,0,0,3127,'2024-07-29 00:00:00','2024-07-29',NULL,'Erro da IDA',NULL,'João Juliano Pinheiro'),(333,3,1,308,2,NULL,1,0,0,3128,'2024-07-31 07:51:00','2024-07-31',NULL,'AÇAO INADIMPLENTE DEC.2021, 2022 e 2023','24150000273248','Antonio Werner'),(334,3,2,309,1,NULL,1,0,0,3129,'2024-07-31 09:00:00','2024-07-31',NULL,'AÇÃO INADIMPLENTE DEC. 2023','24150000235508','Rebeca Dopke'),(335,3,1,310,2,NULL,1,0,0,3130,'2024-07-31 07:51:00','2024-07-31',NULL,'AÇÃO INADIMPLENTE DEC. 2023','24150000273175','Antonio Werner'),(336,3,2,311,NULL,NULL,1,0,0,3131,'2024-07-31 00:00:00',NULL,NULL,NULL,'25150000318824','João Juliano Pinheiro'),(337,3,2,312,1,NULL,1,0,0,3132,'2024-07-31 10:27:00','2024-07-31',NULL,'AÇÃO INADIMPLENTE DEC. 2023','24150000235516','Rebeca Dopke'),(338,3,2,313,3,NULL,1,0,0,3133,'2024-07-31 10:50:00','2024-07-31',NULL,'AÇÃO INADIMPLENTE DEC. 2023','24150000273051','João Juliano Pinheiro'),(339,3,2,314,2,NULL,1,0,0,3134,'2024-07-31 13:26:00','2024-07-31',NULL,'AÇÃO INADIMPLENTE DEC. 2023','24150000272942','Antonio Werner'),(340,3,2,315,1,NULL,1,0,0,3135,'2024-07-31 14:00:00','2024-07-31',NULL,'AÇÃO INADIMPLENTE DEC. 2023','24150000235524','Rebeca Dopke'),(341,3,2,316,1,NULL,1,0,0,3136,'2024-07-31 15:20:00','2024-07-31',NULL,'AÇÃO INADIMPLENTE DEC. 2023','24150000235532','Rebeca Dopke'),(342,3,13,264,3,NULL,0,0,0,3137,'2024-07-31 10:30:00',NULL,NULL,'Div. idade SIE 139 AA-969131',NULL,'João Juliano Pinheiro'),(343,3,1,116,2,NULL,1,1,0,3138,'2024-08-01 08:18:00','2024-08-01',NULL,'AÇÃO INADIMPLENTE DEC. 2024','24150000359460','Antonio Werner'),(344,3,2,317,NULL,NULL,1,0,0,3139,'2024-08-01 00:00:00',NULL,NULL,'AÇÃO INADIMPLENTE DEC. 2024',NULL,'João Juliano Pinheiro'),(345,3,1,156,2,NULL,1,0,0,3140,'2024-08-01 10:04:00','2024-08-01',NULL,'AÇÃO INADIMPLENTE DEC. 2024','24150000359452','Antonio Werner'),(346,3,1,318,2,NULL,1,0,0,3141,'2024-08-01 10:04:00','2024-08-01',NULL,'AÇÃO INADIMPLENTE DEC. 2024','24150000359428','Antonio Werner'),(347,3,1,319,1,NULL,1,0,0,3142,'2024-01-08 14:00:00','2024-08-01',NULL,'AÇÃO INADIMPLENTE DEC. 2024','24150000235540','Rebeca Dopke'),(348,3,1,320,2,NULL,1,0,0,3143,'2024-08-01 15:50:00','2024-08-01',NULL,'AÇAO INADIMPLENTE DEC.2023','24150000359410','Antonio Werner'),(349,3,1,122,3,NULL,1,0,0,3144,'2024-08-02 09:15:00','2024-08-02',NULL,'AÇAO INADIMPLENTE DEC.2023','24150000291106','João Juliano Pinheiro'),(350,3,1,321,2,NULL,1,0,0,3145,'2024-08-02 09:58:00','2024-08-02',NULL,'AÇÃO INADIMPLENTE DEC. 2024','24150000359363','Antonio Werner'),(351,3,1,322,2,NULL,1,0,0,3146,'2024-08-02 09:58:00','2024-08-02',NULL,'AÇÃO INADIMPLENTE DEC. 2024','24150000359355','Antonio Werner'),(352,3,1,323,1,NULL,1,0,0,3147,'2024-08-02 15:00:00','2024-08-02',NULL,'AÇAO INADIMPLENTE DEC.2023','24150000235559','Rebeca Dopke'),(353,3,1,324,2,NULL,1,0,0,3148,'2024-08-02 16:00:00','2024-08-02',NULL,'AÇÃO INADIMPLENTE DEC. 2024','25150000189269','Antonio Werner'),(354,3,2,48,NULL,NULL,1,0,0,3149,'2024-08-05 00:00:00',NULL,NULL,'AÇÃO INADIMPLENTE DEC. 2024',NULL,'Antonio Werner'),(355,3,1,325,2,'',1,0,0,3150,'2024-08-05 13:44:00','2024-08-05','','AÇÃO INADIMPLENTE DEC. 2024','24150000359274','Antonio Werner'),(356,3,2,326,NULL,NULL,1,0,0,3151,'2024-08-05 14:29:00','2024-08-05',NULL,'AÇÃO INADIMPLENTE DEC. 2024',NULL,'Antonio Werner'),(357,3,1,327,2,NULL,1,0,0,3152,'2024-08-06 09:24:00','2024-08-06',NULL,'AÇÃO INADIMPLENTE DEC. 2024','24150000359240','Antonio Werner'),(358,3,2,328,2,NULL,1,0,0,3153,'2024-08-06 11:05:00','2024-08-07',NULL,'AÇÃO INADIMPLENTE DEC. 2024','24150000359223','Antonio Werner'),(359,3,1,329,3,NULL,1,0,0,3154,'2024-08-06 11:10:00','2024-08-06',NULL,'AÇÃO INADIMPLENTE DEC. 2024','24150000292080','João Juliano Pinheiro'),(360,3,1,330,2,NULL,1,0,0,3155,'2024-08-06 11:24:00','2024-08-06',NULL,'AÇÃO INADIMPLENTE DEC. 2024','24150000359002','Antonio Werner'),(361,3,1,331,2,NULL,1,0,0,3156,'2024-08-06 15:39:00','2024-08-06',NULL,'AÇÃO INADIMPLENTE DEC. 2024','24150000358987','Antonio Werner'),(362,3,1,332,3,NULL,1,0,0,3157,'2024-08-07 14:45:00','2024-08-21',NULL,'AÇAO INADIMPLENTE DEC.2024','24150000290924','João Juliano Pinheiro'),(363,3,1,333,3,NULL,1,0,0,3158,'2024-08-07 14:45:00','2024-08-07',NULL,'AÇAO INADIMPLENTE DEC.2024','24150000291157','João Juliano Pinheiro'),(364,3,1,334,2,NULL,1,0,0,3159,'2024-08-07 15:13:00','2024-08-07',NULL,'AÇAO INADIMPLENTE DEC.2023','24150000358901','Antonio Werner'),(365,3,2,335,NULL,NULL,1,0,0,3160,'2024-08-08 00:00:00',NULL,NULL,'AÇAO INADIMPLENTE DEC.2024',NULL,'Antonio Werner'),(366,3,1,336,3,NULL,1,0,0,3161,'2024-08-08 10:20:00','2024-08-08',NULL,'AÇAO INADIMPLENTE DEC.2024','24150000291025','João Juliano Pinheiro'),(367,3,2,337,NULL,NULL,1,0,0,3162,'2024-08-08 00:00:00','2024-08-08',NULL,'AÇAO INADIMPLENTE DEC.2024',NULL,'Rebeca Dopke'),(368,3,1,338,NULL,NULL,1,0,0,3163,'2024-08-08 00:00:00',NULL,NULL,NULL,NULL,'João Juliano Pinheiro'),(369,3,1,339,2,NULL,1,0,0,3164,'2024-08-08 14:50:00','2024-08-08',NULL,'AÇAO INADIMPLENTE DEC.2024','24150000358464','Antonio Werner'),(370,3,2,340,NULL,NULL,1,0,0,3165,'2024-08-09 00:00:00',NULL,NULL,'AÇAO INADIMPLENTE DEC.2023',NULL,'João Juliano Pinheiro'),(371,3,1,341,1,NULL,1,0,0,3166,'2024-08-09 00:00:00','2024-08-09',NULL,NULL,'24150000358430','Rebeca Dopke'),(372,3,10,342,3,NULL,0,0,1,3167,'2024-08-09 00:00:00','2024-10-11',NULL,'AÇAO INADIMPLENTE DEC.2024','25150000009007','João Juliano Pinheiro'),(373,3,2,343,NULL,NULL,1,0,0,3168,'2024-08-09 00:00:00',NULL,NULL,'AÇAO INADIMPLENTE DEC.2024',NULL,'Antonio Werner'),(374,3,13,344,NULL,NULL,1,0,0,3169,'2024-08-12 00:00:00',NULL,NULL,'Erro da IDA',NULL,'Rebeca Dopke'),(375,3,2,345,NULL,NULL,1,0,0,3170,'2024-08-12 00:00:00',NULL,NULL,'AÇAO INADIMPLENTE DEC.2024',NULL,'João Juliano Pinheiro'),(376,3,2,346,NULL,NULL,1,0,0,3171,'2024-08-12 00:00:00',NULL,NULL,'AÇAO INADIMPLENTE DEC.2024',NULL,'João Juliano Pinheiro'),(377,3,1,347,2,NULL,1,0,0,3172,'2024-08-13 09:52:00','2024-08-13',NULL,'AÇAO INADIMPLENTE DEC.2020, 2021, 2022, 2023 e 2024','24150000358324','Antonio Werner'),(378,3,1,348,3,NULL,1,0,0,3173,'2024-08-13 13:40:00','2024-08-14',NULL,'AÇAO INADIMPLENTE DEC.2024','24150000291068','João Juliano Pinheiro'),(379,3,1,349,2,NULL,1,0,0,3174,'2024-08-13 14:34:00','2024-08-13',NULL,'AÇAO INADIMPLENTE DEC.2024','24150000358308','Antonio Werner'),(380,3,1,350,2,NULL,1,0,0,3175,'2024-08-13 15:26:00','2024-08-13',NULL,'AÇAO INADIMPLENTE DEC.2024','24150000358260','Antonio Werner'),(381,3,2,351,NULL,NULL,1,0,0,3176,'2024-08-14 00:00:00',NULL,NULL,'AÇAO INADIMPLENTE DEC.2023, 2024',NULL,'Antonio Werner'),(382,3,1,352,2,NULL,1,0,0,3177,'2024-08-15 08:20:00','2024-08-15',NULL,'AÇAO INADIMPLENTE DEC.2024','24150000357239','Antonio Werner'),(383,3,1,353,2,NULL,1,0,0,3178,'2024-08-15 10:50:00','2024-08-15',NULL,'AÇAO INADIMPLENTE DEC.2024','24150000357212','Antonio Werner'),(384,3,1,354,2,NULL,1,0,0,3179,'2024-08-15 10:50:00','2024-08-15',NULL,'AÇAO INADIMPLENTE DEC.2024','24150000357174','Antonio Werner'),(385,3,1,355,2,NULL,1,0,0,3180,'2024-08-16 10:41:00','2024-08-16',NULL,'AÇAO INADIMPLENTE DEC.2024','24150000357107','Antonio Werner'),(386,3,1,356,2,NULL,1,0,0,3181,'2024-08-16 10:41:00','2024-08-16',NULL,'AÇAO INADIMPLENTE DEC.2024','24150000357085','Antonio Werner'),(387,3,1,357,2,NULL,1,0,0,3182,'2024-08-16 16:24:00','2024-08-16',NULL,'AÇAO INADIMPLENTE DEC.2024','24150000357069','Antonio Werner'),(388,3,13,232,2,NULL,0,0,0,3183,'2024-08-19 16:00:00','2024-11-12',NULL,'Notificacao de transito SIE 139','24150000240056','Antonio Werner'),(389,3,13,358,2,NULL,0,0,0,3184,'2024-08-20 10:33:00','2024-12-09',NULL,'Notificacao de transito SIF 3024','24150000240064','Antonio Werner'),(390,3,1,359,2,NULL,1,0,0,3185,'2024-08-20 10:41:00','2024-08-20',NULL,'AÇAO INADIMPLENTE DEC.2024','24150000357026','Igo Lobler'),(391,3,1,360,2,NULL,1,0,0,3186,'2024-08-20 13:27:00','2024-08-20',NULL,'AÇAO INADIMPLENTE DEC.2024','24150000356976','Antonio Werner'),(392,3,1,361,NULL,NULL,1,0,0,3187,'2024-08-20 00:00:00',NULL,NULL,'AÇAO INADIMPLENTE DEC.2024',NULL,'Antonio Werner'),(393,3,1,362,NULL,NULL,1,0,0,3188,'2024-08-20 00:00:00',NULL,NULL,'AÇAO INADIMPLENTE DEC.2024',NULL,'Antonio Werner'),(394,3,1,363,NULL,NULL,1,0,0,3189,'2024-08-20 00:00:00',NULL,NULL,'AÇAO INADIMPLENTE DEC.2024',NULL,'Antonio Werner'),(395,3,1,364,2,NULL,1,0,0,3190,'2024-08-21 14:34:00','2024-08-21',NULL,'AÇAO INADIMPLENTE DEC.2024','24150000354868','Antonio Werner'),(396,3,2,365,NULL,NULL,1,0,0,3191,'2024-08-21 00:00:00','2024-08-20',NULL,'Inventário desatualizado ',NULL,'Igo Lobler'),(397,3,1,366,3,NULL,0,0,0,3192,'2024-08-26 16:30:00','2024-08-27',NULL,'AÇAO INADIMPLENTE DEC.2023',NULL,'João Juliano Pinheiro'),(398,3,1,46,2,NULL,1,0,0,3193,'2024-08-26 14:01:00','2024-08-26',NULL,'AÇAO INADIMPLENTE DEC.2024','24150000354655','Igo Lobler'),(399,3,1,367,NULL,NULL,1,0,0,3194,'2024-08-27 00:00:00','2024-08-27',NULL,'AÇAO INADIMPLENTE DEC.2024',NULL,'Igo Lobler'),(400,3,1,368,NULL,NULL,1,0,0,3195,'2024-08-27 00:00:00','2024-08-27',NULL,'AÇAO INADIMPLENTE DEC.2024',NULL,'Igo Lobler'),(401,3,1,369,2,'',1,0,0,3196,'2024-09-09 10:00:00','2024-09-09','','AÇAO INADIMPLENTE DEC.2024','24150000354493','Igo Lobler'),(402,3,1,370,NULL,NULL,1,0,0,3197,'2024-08-28 00:00:00',NULL,NULL,'AMR 8 - notificacao positivo TB',NULL,'Antonio Werner'),(403,3,1,371,2,NULL,1,0,0,3198,'2024-08-29 00:00:00','2024-08-29',NULL,'AÇAO INADIMPLENTE DEC.2024','24150000354450','Igo Lobler'),(404,3,1,372,NULL,NULL,1,0,0,3199,'2024-08-29 00:00:00','2024-08-29',NULL,'AÇAO INADIMPLENTE DEC.2024',NULL,'Igo Lobler'),(405,3,1,373,2,NULL,1,0,0,3200,'2024-08-30 07:46:00','2024-08-30',NULL,'AÇAO INADIMPLENTE DEC.2024','24150000354302','Igo Lobler'),(406,3,1,182,3,NULL,1,0,0,3201,'2024-08-30 13:50:00','2024-08-30',NULL,'AÇAO INADIMPLENTE DEC.2024',NULL,'Igo Lobler'),(407,3,1,374,2,NULL,1,0,0,3202,'2024-09-02 08:50:00',NULL,NULL,'AÇAO INADIMPLENTE DEC.2024',NULL,'Antonio Werner'),(408,3,1,375,2,NULL,1,0,0,3203,'2024-09-04 09:57:00','2024-09-04',NULL,'AÇAO INADIMPLENTE DEC.2024','24150000354264','Igo Lobler'),(409,3,1,376,3,NULL,1,0,0,3204,'2024-09-02 11:15:00',NULL,NULL,'AÇAO INADIMPLENTE DEC.2024',NULL,'João Juliano Pinheiro'),(410,3,1,377,3,NULL,1,0,0,3205,'2024-09-02 11:15:00',NULL,NULL,'AÇAO INADIMPLENTE DEC.2024',NULL,'João Juliano Pinheiro'),(411,3,1,378,3,NULL,1,0,0,3206,'2024-09-02 11:15:00',NULL,NULL,'AÇAO INADIMPLENTE DEC.2024',NULL,'João Juliano Pinheiro'),(412,3,1,379,2,NULL,1,0,0,3207,'2024-09-02 15:16:00','2024-09-02',NULL,'AÇAO INADIMPLENTE DEC.2024','24150000354248','Igo Lobler'),(413,3,13,380,2,NULL,0,0,0,3208,'2024-09-03 09:52:00',NULL,NULL,NULL,NULL,'Antonio Werner'),(414,3,1,381,2,NULL,1,0,0,3209,'2024-09-03 10:37:00','2024-09-03',NULL,'AÇAO INADIMPLENTE DEC.2024','24150000354213','Igo Lobler'),(415,3,1,382,2,NULL,1,0,0,3210,'2024-09-03 14:33:00',NULL,NULL,'AÇAO INADIMPLENTE DEC.2024',NULL,'Antonio Werner'),(416,3,1,112,2,NULL,1,0,0,3211,'2024-09-03 14:35:00',NULL,NULL,'AÇAO INADIMPLENTE DEC.2024',NULL,'Antonio Werner'),(417,3,1,383,3,NULL,1,0,0,3212,'2024-09-03 14:37:00','2024-09-03',NULL,'AÇAO INADIMPLENTE DEC.2024','24150000292005','João Juliano Pinheiro'),(418,3,1,384,2,NULL,1,0,0,3213,'2024-09-03 14:39:00',NULL,NULL,NULL,NULL,'Antonio Werner'),(419,3,1,385,3,NULL,1,0,0,3214,'2024-09-03 14:51:00',NULL,NULL,'AÇAO INADIMPLENTE DEC.2024',NULL,'João Juliano Pinheiro'),(420,3,1,243,2,NULL,1,0,0,3215,'2024-09-03 15:34:00','2024-09-03',NULL,'AÇAO INADIMPLENTE DEC.2024','24150000354094','Igo Lobler'),(421,3,1,386,2,NULL,1,0,0,3216,'2024-09-04 09:20:00',NULL,NULL,'AÇAO INADIMPLENTE DEC.2024',NULL,'Antonio Werner'),(422,3,1,387,2,NULL,1,0,0,3217,'2024-09-04 13:27:00','2024-09-04',NULL,'AÇAO INADIMPLENTE DEC.2023',NULL,'Antonio Werner'),(423,3,1,388,2,NULL,1,0,0,3218,'2024-09-04 16:18:00','2024-09-04',NULL,'AÇAO INADIMPLENTE DEC.2023','24150000359517','Igo Lobler'),(424,3,1,389,2,NULL,1,0,0,3219,'2024-09-05 09:04:00',NULL,NULL,'AÇAO INADIMPLENTE DEC.2024',NULL,'Antonio Werner'),(425,3,1,390,2,NULL,1,0,0,3220,'2024-09-05 10:10:00','2024-09-05',NULL,'AÇAO INADIMPLENTE DEC.2023','25150000300062','Igo Lobler'),(426,3,1,391,2,NULL,1,0,0,3221,'2024-09-05 14:32:00',NULL,NULL,'AÇAO INADIMPLENTE DEC.2023',NULL,'Antonio Werner'),(427,3,1,392,2,NULL,1,0,0,3222,'2024-09-05 15:25:00','2024-09-05',NULL,'AÇAO INADIMPLENTE DEC.2024','24150000359711','Igo Lobler'),(428,3,1,393,2,NULL,1,0,0,3223,'2024-09-05 15:25:00',NULL,NULL,'AÇAO INADIMPLENTE DEC.2024',NULL,'Antonio Werner'),(429,3,1,394,2,NULL,1,0,0,3224,'2024-09-06 09:15:00','2024-09-06',NULL,'AÇAO INADIMPLENTE DEC.2024','24150000359762','Igo Lobler'),(430,3,1,395,2,NULL,1,0,0,3225,'2024-09-06 14:43:00','2024-09-06',NULL,'AÇAO INADIMPLENTE DEC.2024',NULL,'Antonio Werner'),(431,3,1,396,2,NULL,1,0,0,3226,'2024-09-06 15:05:00','2024-09-06',NULL,'AÇAO INADIMPLENTE DEC.2024',NULL,'Antonio Werner'),(432,3,1,397,2,NULL,1,0,0,3227,'2024-09-09 09:12:00','2024-09-09',NULL,'AÇAO INADIMPLENTE DEC.2024','24150000359819','Igo Lobler'),(433,3,1,398,3,NULL,1,0,0,3228,'2024-09-09 14:21:00',NULL,NULL,'AÇAO INADIMPLENTE DEC.2024','25150000318583','João Juliano Pinheiro'),(434,3,1,399,2,NULL,1,0,1,3229,'2024-09-09 17:12:00','2024-09-09',NULL,'AÇAO INADIMPLENTE DEC.2023',NULL,'Igo Lobler'),(435,3,1,400,2,NULL,1,0,0,3230,'2024-09-09 17:14:00','2024-09-06',NULL,'AÇAO INADIMPLENTE DEC.2024','24150000359827','Antonio Werner'),(436,3,1,401,2,NULL,1,0,0,3231,'2024-09-10 10:05:00','2024-09-10',NULL,'AÇAO INADIMPLENTE DEC.2024','24150000272543','Igo Lobler'),(437,3,12,178,2,NULL,0,0,1,3232,'2024-09-10 11:27:00','2024-09-10',NULL,'RECEBER ANIMAIS SEM GTA','24150000332341','Igo Lobler'),(438,3,1,178,2,NULL,1,0,0,3233,'2024-09-10 11:27:00','2024-09-10',NULL,'AÇAO INADIMPLENTE DEC.2024','24150000272195','Igo Lobler'),(439,3,1,402,2,NULL,1,0,0,3234,'2024-09-13 15:28:00','2024-09-13',NULL,'AÇAO INADIMPLENTE DEC.2024',NULL,'Igo Lobler'),(440,3,1,403,2,NULL,1,0,0,3235,'2024-09-12 08:40:00','2024-09-12',NULL,'AÇAO INADIMPLENTE DEC.2024','24150000271679','Antonio Werner'),(441,3,1,404,2,NULL,1,0,0,3236,'2024-09-12 15:43:00','2024-09-12',NULL,'AÇAO INADIMPLENTE DEC.2024','24150000359843','Igo Lobler'),(442,3,1,405,2,NULL,1,0,0,3237,'2024-09-13 09:52:00','2024-09-16',NULL,'AÇAO INADIMPLENTE DEC.2024','24150000359878','Igo Lobler'),(443,3,1,406,2,NULL,1,0,0,3238,'2024-09-16 13:13:00','2024-09-16',NULL,'AÇAO INADIMPLENTE DEC.2024','24150000360027','Igo Lobler'),(444,3,1,407,2,NULL,1,0,0,3239,'2024-09-16 17:13:00','2024-09-16',NULL,'AÇAO INADIMPLENTE DEC.2024','24150000360086','Igo Lobler'),(445,3,1,408,2,NULL,1,0,0,3240,'2024-09-17 13:52:00','2024-09-17',NULL,'AÇAO INADIMPLENTE DEC.2023','24150000360213','Antonio Werner'),(446,3,1,409,2,NULL,1,0,0,3241,'2024-09-17 15:08:00','2024-09-17',NULL,'AÇAO INADIMPLENTE DEC.2024',NULL,'Antonio Werner'),(447,3,1,410,2,NULL,1,0,0,3242,'2024-09-18 13:45:00','2024-09-18',NULL,'AÇAO INADIMPLENTE DEC.2024','24150000360272','Igo Lobler'),(448,3,1,411,2,NULL,1,0,0,3243,'2024-09-18 16:35:00','2024-09-18',NULL,'AÇAO INADIMPLENTE DEC.2024',NULL,'Antonio Werner'),(449,3,13,412,2,NULL,0,0,0,3244,'2024-09-19 07:56:00',NULL,NULL,'Destino divergente SIE 139','24150000269887','Antonio Werner'),(450,3,1,139,2,NULL,0,0,0,3245,'2024-09-19 08:22:00','2024-09-19',NULL,'AÇAO INADIMPLENTE DEC.2024','24150000360310','Igo Lobler'),(451,3,1,413,2,NULL,0,0,0,3246,'2024-09-19 08:32:00','2024-09-19',NULL,'AÇAO INADIMPLENTE DEC.2024',NULL,'Igo Lobler'),(452,3,1,414,3,NULL,1,0,0,3247,'2024-09-19 13:38:00',NULL,NULL,'AÇAO INADIMPLENTE DEC.2024',NULL,'João Juliano Pinheiro'),(453,3,1,185,1,NULL,1,0,0,3248,'2024-09-19 13:53:00','2024-09-19',NULL,'AÇAO INADIMPLENTE DEC.2024','24150000360434','Igo Lobler'),(454,3,1,415,1,NULL,1,0,0,3249,'2024-09-19 14:05:00','2024-09-19',NULL,NULL,'24150000360701','Rebeca Dopke'),(455,3,1,416,3,NULL,1,0,0,3250,'2024-09-19 14:07:00',NULL,NULL,'AÇAO INADIMPLENTE DEC.2023',NULL,'João Juliano Pinheiro'),(456,3,1,417,1,NULL,1,0,0,3251,'2024-09-19 15:20:00','2024-09-19',NULL,'AÇAO INADIMPLENTE DEC.2024','24150000360736','Igo Lobler'),(457,3,1,418,3,NULL,1,0,0,3252,'2024-09-23 10:50:00','2024-09-23',NULL,'AÇAO INADIMPLENTE DEC.2024',NULL,'Igo Lobler'),(458,3,1,419,3,NULL,1,0,0,3253,'2024-09-23 15:53:00','2024-09-23',NULL,'AÇAO INADIMPLENTE DEC.2024',NULL,'Igo Lobler'),(459,3,13,420,3,NULL,0,0,1,3254,'2024-09-23 16:02:00','2024-09-24',NULL,NULL,'24150000268155','João Juliano Pinheiro'),(460,3,13,421,3,NULL,0,0,0,3255,'2024-09-24 10:30:00','2024-09-30',NULL,'GTA Vencida','24150000267205','João Juliano Pinheiro'),(461,3,12,422,3,NULL,0,0,0,3256,'2024-09-24 10:30:00','2024-09-30',NULL,'Receber GTA vencida','24150000337556','João Juliano Pinheiro'),(462,3,1,423,2,NULL,1,0,0,3257,'2024-09-24 11:13:00','2024-09-24',NULL,'AÇAO INADIMPLENTE DEC.2024','24150000360850','Igo Lobler'),(463,3,1,424,2,NULL,1,0,0,3258,'2024-09-24 14:05:00','2024-09-24',NULL,'AÇAO INADIMPLENTE DEC.2024','24150000360876','Igo Lobler'),(464,3,1,425,2,NULL,1,0,0,3259,'2024-08-24 15:30:00','2024-09-24',NULL,'AÇAO INADIMPLENTE DEC.2024',NULL,'Igo Lobler'),(465,3,1,426,2,NULL,1,0,0,3260,'2024-08-25 10:32:00','2024-09-24',NULL,'AÇAO INADIMPLENTE DEC.2024',NULL,'Igo Lobler'),(466,3,13,427,2,NULL,0,0,1,3261,'2024-08-25 13:39:00','2024-09-26',NULL,'Notificação de transito - SIE 139','24150000269500','Antonio Werner'),(467,3,13,428,3,NULL,0,0,0,3262,'2024-09-26 09:15:00',NULL,NULL,'Enviou animais para Irineu Fengler',NULL,'João Juliano Pinheiro'),(468,3,1,429,3,NULL,1,0,0,3263,'2024-09-26 16:30:00',NULL,NULL,'AÇAO INADIMPLENTE DEC.2024','25150000318603','João Juliano Pinheiro'),(469,3,1,430,2,NULL,1,0,0,3264,'2024-09-27 14:00:00','2024-09-27',NULL,'AÇAO INADIMPLENTE DEC.2024','25150000004200','Igo Lobler'),(470,3,12,431,3,NULL,0,0,0,3265,'2024-09-27 16:00:00','2024-10-02',NULL,NULL,NULL,'João Juliano Pinheiro'),(471,3,1,432,2,NULL,0,0,0,3266,'2024-09-27 15:30:00','2024-09-27',NULL,'AÇAO INADIMPLENTE DEC.2024','25150000004161','Igo Lobler'),(472,3,1,433,2,NULL,0,0,0,3267,'2024-09-30 08:43:00','2024-09-30',NULL,'AÇAO INADIMPLENTE DEC.2024','25150000011273','Igo Lobler'),(473,3,1,434,2,NULL,0,0,0,3268,'2024-10-01 15:58:00','2024-10-01',NULL,'AÇAO INADIMPLENTE DEC.2024','25150000004145','Igo Lobler'),(474,3,1,435,2,NULL,0,0,0,3269,'2024-09-02 10:25:00','2024-10-02',NULL,'AÇAO INADIMPLENTE DEC.2024','25150000068380','Igo Lobler'),(475,3,13,264,2,NULL,0,0,0,3270,'2024-10-01 13:30:00',NULL,NULL,'Notificação de trânsito - SIE 139','24150000304003','Antonio Werner'),(476,3,1,436,2,NULL,0,0,0,3271,'2024-10-03 08:20:00','2024-10-03',NULL,'AÇAO INADIMPLENTE DEC.2024','25150000003793','Igo Lobler'),(477,3,1,61,2,NULL,1,1,0,3272,'2024-10-03 10:59:00','2024-10-03',NULL,'AÇAO INADIMPLENTE DEC.2024','25150000003637','Igo Lobler'),(478,3,1,437,1,'',1,0,0,3273,'2024-10-03 14:00:00','2024-10-03','','AÇAO INADIMPLENTE DEC.2024','25150000003785','Cristiano Silveira'),(479,3,3,437,1,NULL,1,0,0,3274,'2024-10-03 14:00:00','2024-10-03',NULL,NULL,'25150000003734','Cristiano Silveira'),(480,3,1,202,3,NULL,1,0,0,3275,'2024-10-04 10:40:00','2024-10-04',NULL,'AÇAO INADIMPLENTE DEC.2024',NULL,'Igo Lobler'),(481,3,1,438,2,NULL,1,0,0,3277,'2024-10-07 07:50:00','2024-10-07',NULL,'AÇAO INADIMPLENTE DEC.2024','25150000003599','Igo Lobler'),(482,3,13,439,1,NULL,0,0,0,3278,'2024-10-07 16:00:00',NULL,NULL,'Notificação de transito - SIE 137','24150000300458','Rebeca Dopke'),(483,3,1,440,2,NULL,1,0,0,3279,'2024-10-10 11:03:00','2024-10-10',NULL,'AÇAO INADIMPLENTE DEC.2024','25150000003548','Igo Lobler'),(484,3,2,441,2,'',1,0,0,3280,'2024-10-10 11:35:00','2024-10-10','','','25150000003521','Igo Lobler'),(485,3,1,441,2,NULL,1,0,0,3281,'2024-10-10 11:35:00','2024-10-10',NULL,'AÇAO INADIMPLENTE DEC.2024','25150000003505','Igo Lobler'),(486,3,12,442,3,NULL,1,0,0,3282,'2024-10-11 17:15:00','2024-10-11',NULL,NULL,'25150000003483','Igo Lobler'),(487,3,1,443,2,NULL,1,0,0,3283,'2024-10-15 09:20:00','2024-10-15',NULL,'AÇAO INADIMPLENTE DEC.2024','25150000003432','Igo Lobler'),(488,3,1,444,2,NULL,1,0,0,3284,'2024-10-15 09:53:00','2024-10-15',NULL,'AÇAO INADIMPLENTE DEC.2024','25150000003424','Igo Lobler'),(489,3,10,445,2,NULL,1,0,0,3285,'2024-10-15 15:23:00',NULL,NULL,NULL,NULL,'Antonio Werner'),(490,3,13,446,1,NULL,0,0,1,3286,'2024-10-16 07:50:00','2024-11-26',NULL,'Notificação de transito - SIE 137','24150000311042','Rebeca Dopke'),(491,3,1,447,1,NULL,1,0,0,3287,'2024-10-18 15:20:00','2024-10-18',NULL,'AÇAO INADIMPLENTE DEC.2024','25150000003408','Rebeca Dopke'),(492,3,12,307,1,NULL,0,0,0,3288,'2024-10-21 08:59:00','2024-10-22',NULL,'SIE 952','24150000325370','Rebeca Dopke'),(493,3,1,448,1,NULL,1,0,0,3289,'2024-10-21 13:30:00','2024-10-21',NULL,'AÇAO INADIMPLENTE DEC.2024','25150000003394','Igo Lobler'),(494,3,13,178,1,NULL,0,0,0,3290,'2024-10-21 13:40:00','2024-10-21',NULL,'Transito sem GTA ','25150000003114','Igo Lobler'),(495,3,13,449,1,NULL,0,0,1,3291,'2024-10-21 08:59:00','2024-11-04',NULL,'Notificação de transito - SIE 952','24150000324985','Rebeca Dopke'),(496,3,1,450,2,NULL,1,0,0,3292,'2024-10-24 14:50:00','2024-10-24',NULL,'AÇAO INADIMPLENTE DEC.2023','25150000002827','Igo Lobler'),(497,3,1,451,2,NULL,1,0,0,3293,'2024-10-24 17:06:00','2024-10-24',NULL,'AÇAO INADIMPLENTE DEC.2024','25150000002738','Antonio Werner'),(498,3,13,452,2,NULL,0,0,0,3294,'2024-10-25 13:03:00',NULL,NULL,'Notificação de transito - SIE 139',NULL,'Antonio Werner'),(499,3,1,453,1,NULL,1,0,0,3295,'2024-10-25 14:30:00','2024-10-29',NULL,'AÇÃO INADIMPLENTE DEC. 2024','25150000317011','Rebeca Dopke'),(500,3,1,454,2,NULL,1,0,0,3296,'2024-10-25 15:43:00','2024-10-25',NULL,'AÇÃO INADIMPLENTE DEC. 2024','25150000010536','Igo Lobler'),(501,3,1,45,2,NULL,1,0,0,3297,'2024-10-28 08:20:00','2024-10-28',NULL,'AÇÃO INADIMPLENTE DEC. 2024','25150000002720','Igo Lobler'),(502,3,1,455,2,NULL,1,0,0,3298,'2024-10-28 14:00:00','2024-10-28',NULL,'AÇÃO INADIMPLENTE DEC. 2024','25150000002703','Igo Lobler'),(503,3,1,456,2,NULL,1,0,0,3299,'2024-10-29 10:30:00','2024-10-29',NULL,'AÇÃO INADIMPLENTE DEC. 2024','25150000002630','Igo Lobler'),(504,3,1,457,2,NULL,1,0,0,3300,'2024-10-29 13:42:00','2024-10-29',NULL,'AÇÃO INADIMPLENTE DEC. 2024',NULL,'Antonio Werner'),(505,3,1,445,2,NULL,1,0,0,3301,'2024-10-29 13:57:00',NULL,NULL,'AÇÃO INADIMPLENTE DEC. 2024','25150000002606','Antonio Werner'),(506,3,1,458,2,NULL,1,0,0,3302,'2024-10-30 09:30:00','2024-10-30',NULL,'AÇÃO INADIMPLENTE DEC. 2024','25150000002576','Igo Lobler'),(507,3,2,459,1,NULL,1,0,0,3303,'2024-10-30 10:30:00',NULL,NULL,NULL,NULL,'Rebeca Dopke'),(508,3,1,460,1,NULL,1,0,0,3304,'2024-10-30 14:20:00','2024-10-30',NULL,'AÇÃO INADIMPLENTE DEC. 2024','25150000002533','Igo Lobler'),(509,3,1,108,2,NULL,1,0,0,3305,'2024-10-31 10:30:00','2024-10-31',NULL,'AÇÃO INADIMPLENTE DEC. 2024','25150000002509','Igo Lobler'),(510,3,13,461,2,NULL,0,0,0,3306,'2024-10-31 13:51:00',NULL,NULL,'Notificação de trânsito - SIE 139','24150000339184','Antonio Werner'),(511,3,1,462,2,NULL,1,0,0,3307,'2024-10-31 15:00:00','2024-10-31',NULL,'AÇÃO INADIMPLENTE DEC. 2024','25150000002487','Igo Lobler'),(512,3,13,463,1,NULL,0,0,1,3308,'2024-11-05 16:30:00','2024-11-05',NULL,'Divergência em contagem de AMR','24150000373986','Rebeca Dopke'),(513,3,13,464,1,NULL,0,0,0,3310,'2024-10-31 10:07:00','2024-11-11',NULL,'Notificação de trânsito - SIE 952','24150000339702','Rebeca Dopke'),(514,3,12,307,1,NULL,0,0,0,3311,'2024-10-31 10:07:00','2024-11-06',NULL,'Notificação de trânsito - SIE 952','24150000341049','Rebeca Dopke'),(515,3,13,465,1,NULL,0,0,0,3312,'2024-10-30 08:56:00','2025-01-23',NULL,'Notificação de trânsito - SIE 952','24150000340956','Rebeca Dopke'),(516,3,13,465,1,NULL,0,0,0,3313,'2024-10-30 08:56:00','2025-01-23',NULL,'Notificação de trânsito - SIE 952','24150000340832','Rebeca Dopke'),(517,3,1,466,3,NULL,0,0,0,3314,'2024-11-04 15:35:00',NULL,NULL,'AÇÃO INADIMPLENTE DEC. 2024','25150000318506','João Juliano Pinheiro'),(518,3,13,467,2,NULL,0,0,0,3315,'2024-11-04 15:35:00',NULL,NULL,'Notificação de trânsito - SIE 139','24150000342363','Antonio Werner'),(519,3,13,412,2,NULL,0,0,0,3316,'2024-11-04 15:40:00',NULL,NULL,'Notificação de trânsito - SIE 139','24150000342789','Antonio Werner'),(520,3,13,468,2,NULL,0,0,0,3317,'2024-11-04 15:45:00',NULL,NULL,'Notificação de trânsito - SIE 139','24150000342932','Antonio Werner'),(521,3,12,469,3,NULL,0,0,0,3318,'2024-11-08 13:45:00',NULL,NULL,NULL,NULL,'João Juliano Pinheiro'),(522,3,13,470,2,NULL,0,0,0,3319,'2024-11-08 14:54:00',NULL,NULL,'Notificação de trânsito - SIE 139',NULL,'Antonio Werner'),(523,3,1,471,2,NULL,1,0,0,3320,'2024-11-12 10:38:00',NULL,NULL,'AÇÃO INADIMPLENTE DEC. 2024',NULL,'Antonio Werner'),(524,3,1,472,1,NULL,1,0,0,3321,'2024-11-12 15:10:00',NULL,NULL,'AÇÃO INADIMPLENTE DEC. 2024',NULL,'Rebeca Dopke'),(525,3,1,473,1,NULL,1,0,0,3322,'2024-11-13 14:30:00',NULL,NULL,'AÇÃO INADIMPLENTE DEC. 2024',NULL,'Rebeca Dopke'),(526,3,13,474,1,NULL,0,0,1,3323,'2024-11-14 15:20:00','2024-12-06',NULL,'Notificação de trânsito - SIE 137','24150000353276','Rebeca Dopke'),(527,3,1,475,3,NULL,1,0,0,3324,'2024-11-18 10:30:00',NULL,NULL,'AÇÃO INADIMPLENTE DEC. 2023','25150000318549','João Juliano Pinheiro'),(528,3,1,429,3,NULL,1,0,0,3325,'2024-11-18 14:50:00',NULL,NULL,'AÇÃO INADIMPLENTE DEC. 2024',NULL,'João Juliano Pinheiro'),(529,3,1,89,1,NULL,0,1,0,3326,'2024-11-18 15:00:00',NULL,NULL,'AÇÃO INADIMPLENTE DEC. 2024',NULL,'Rebeca Dopke'),(530,3,1,476,1,NULL,1,0,0,3327,'2024-11-18 15:20:00',NULL,NULL,'AÇÃO INADIMPLENTE DEC. 2024',NULL,'Rebeca Dopke'),(531,3,13,477,3,NULL,0,0,0,3328,'2024-11-18 15:20:00',NULL,NULL,'GTA vencida - Boi Gaúcho','24150000355090','João Juliano Pinheiro'),(532,3,13,478,3,NULL,0,0,0,3329,'2024-11-18 15:20:00',NULL,NULL,'GTA vencida - Boi Gaúcho','24150000355104','João Juliano Pinheiro'),(533,3,13,358,3,NULL,0,0,0,3330,'2024-11-19 08:45:00',NULL,NULL,'GTA vencida - Boi Gaúcho','24150000355694','João Juliano Pinheiro'),(534,3,13,479,3,NULL,0,0,0,3331,'2024-11-19 08:45:00',NULL,NULL,'GTA vencida - Boi Gaúcho','24150000355716','João Juliano Pinheiro'),(535,3,1,480,3,NULL,1,0,0,3332,'2024-11-19 14:35:00','2024-11-19',NULL,NULL,'25150000002266','Igo Lobler'),(536,3,1,481,1,NULL,1,0,0,3333,'2024-11-21 07:45:00','2024-11-21',NULL,NULL,'25150000002088','Igo Lobler'),(537,3,1,482,1,NULL,0,0,0,3334,'2024-11-21 09:35:00','2024-11-21',NULL,NULL,'25150000010471','Igo Lobler'),(538,3,13,483,1,NULL,0,0,0,3335,'2024-11-21 17:10:00','2024-11-28',NULL,'SIE 952 - Div. idade','24150000359673','Rebeca Dopke'),(539,3,13,484,3,NULL,0,0,0,3336,'2024-11-21 17:10:00',NULL,NULL,'SIE 952 - Div. idade',NULL,'João Juliano Pinheiro'),(540,3,1,485,2,NULL,0,0,0,3337,'2024-11-22 14:50:00','2024-11-22',NULL,NULL,'25150000002045','Igo Lobler'),(541,3,1,486,2,NULL,0,0,0,3338,'2024-11-25 13:45:00','2024-11-25',NULL,NULL,NULL,'Igo Lobler'),(542,3,12,487,1,NULL,0,0,1,3339,'2024-11-25 10:25:00','2024-11-26',NULL,NULL,NULL,'Rebeca Dopke'),(543,3,1,488,1,NULL,1,0,0,3340,'2024-11-25 15:35:00','2024-11-29',NULL,'AÇÃO INADIMPLENTE DEC. 2023','25150000316996','Rebeca Dopke'),(544,3,1,489,2,NULL,1,0,0,3341,'2024-11-15 17:15:00','2024-11-25',NULL,NULL,'25150000002002','Igo Lobler'),(545,3,13,490,2,NULL,0,0,0,3342,'2024-11-26 09:41:00',NULL,NULL,'GTA VENCIDA SIF 3024','24150000365592','Antonio Werner'),(546,3,1,491,2,NULL,1,0,0,3343,'2024-11-26 09:53:00',NULL,NULL,'AÇÃO INADIMPLENTE DEC. 2024',NULL,'Antonio Werner'),(547,3,1,492,2,NULL,0,0,0,3344,'2024-11-28 10:20:00','2024-11-28',NULL,'AÇÃO INADIMPLENTE DEC. 2024','25150000001995','Igo Lobler'),(548,3,2,493,1,NULL,1,0,0,3345,'2024-11-26 09:50:00',NULL,NULL,NULL,NULL,'Rebeca Dopke'),(549,3,12,488,1,NULL,0,0,0,3346,'2024-11-26 10:40:00',NULL,NULL,NULL,NULL,'Rebeca Dopke'),(550,3,13,494,1,NULL,0,1,0,3347,'2024-11-29 07:45:00',NULL,NULL,'Notificação de trânsito - SIE 137','24150000374117','Rebeca Dopke'),(551,3,1,495,1,NULL,1,0,0,3348,'2024-11-29 10:07:00','2025-11-29',NULL,'AÇAO INADIMPLENTE DEC.2023','25150000316970','Rebeca Dopke'),(552,3,1,496,2,NULL,1,0,0,3349,'2024-11-29 10:16:00',NULL,NULL,'AÇAO INADIMPLENTE DEC.2023, 2024',NULL,'Antonio Werner'),(553,3,1,497,2,NULL,1,0,0,3350,'2024-11-29 10:30:00','2024-11-29',NULL,'AÇAO INADIMPLENTE DEC. 2020 2021 2022 2023 2024','25150000001952','Igo Lobler'),(554,3,1,498,2,NULL,1,0,0,3351,'2024-11-29 13:39:00',NULL,NULL,'AÇAO INADIMPLENTE DEC. 2018, 2019, 2020, 2021 e 2024',NULL,'Antonio Werner'),(555,3,1,499,2,NULL,0,0,0,3352,'2024-11-29 14:55:00','2024-11-29',NULL,'AÇÃO INADIMPLENTE DEC. 2024','25150000001944','Igo Lobler'),(556,3,1,500,2,NULL,0,0,0,3353,'2024-12-02 11:08:00','2024-12-02',NULL,'AÇÃO INADIMPLENTE DEC. 2024','25150000001898','Igo Lobler'),(557,3,1,118,1,NULL,1,1,0,3354,'2024-12-02 13:35:00','2025-01-15',NULL,'AÇÃO INADIMPLENTE DEC. 2024','25150000316910','Rebeca Dopke'),(558,3,1,501,1,NULL,1,0,0,3355,'2024-12-02 13:35:00','2024-12-02',NULL,'AÇÃO INADIMPLENTE DEC. 2024','25150000316961','Rebeca Dopke'),(559,3,6,503,2,NULL,1,0,0,3357,'2024-12-02 16:40:00',NULL,NULL,'CONFIRMAR RECEBIMENTO EM EVENTOS, SEM TRANSITO ',NULL,'Antonio Werner'),(560,3,1,504,2,NULL,1,0,0,3358,'2024-12-03 07:53:00',NULL,NULL,'AÇÃO INADIMPLENTE DEC. 2022, 2023 e 2024',NULL,'Antonio Werner'),(561,3,1,505,2,NULL,1,0,0,3359,'2024-12-03 15:21:00',NULL,NULL,'AÇÃO INADIMPLMENTE DEC. 2024',NULL,'Antonio Werner'),(562,3,1,506,2,NULL,1,0,0,3360,'2024-12-04 16:30:00','2024-12-04',NULL,'AÇÃO INADIMPLMENTE DEC. 2024','25150000001863','Igo Lobler'),(563,3,1,507,1,NULL,1,0,0,3361,'2024-12-04 10:20:00','2024-12-05',NULL,'AÇÃO INADIMPLMENTE DEC. 2022 A 2024','25150000001820','Rebeca Dopke'),(564,3,1,508,1,NULL,1,0,0,3362,'2024-12-04 10:30:00',NULL,NULL,'AÇÃO INADIMPLMENTE DEC. 2022 A 2024',NULL,'Rebeca Dopke'),(565,3,11,508,1,NULL,0,0,0,3363,'2024-12-04 10:30:00',NULL,NULL,NULL,NULL,'Rebeca Dopke'),(566,3,1,509,1,NULL,1,0,0,3364,'2024-12-06 14:45:00','2024-12-06',NULL,'AÇÃO INADIMPLMENTE DEC. 2024','25150000001812','Rebeca Dopke'),(567,3,1,510,1,NULL,1,0,0,3365,'2024-12-06 15:00:00','2024-12-06',NULL,'AÇÃO INADIMPLMENTE DEC. 2024','25150000001804','Igo Lobler'),(568,3,1,511,1,NULL,1,0,0,3366,'2024-12-09 13:30:00','2024-12-09',NULL,'AÇÃO INADIMPLMENTE DEC. 2024','25150000010617','Igo Lobler'),(569,3,13,512,1,NULL,0,0,0,3367,'2024-12-09 13:30:00','2024-12-17',NULL,'Notificação de trânsito - SIE 137','24150000390694','Rebeca Dopke'),(570,3,1,513,2,NULL,0,0,0,3368,'2024-12-11 07:35:00','2024-12-11',NULL,'AÇÃO INADIMPLMENTE DEC. 2024','25150000011265','Igo Lobler'),(571,3,1,514,2,NULL,0,0,0,3369,'2024-12-11 16:50:00','2024-12-11',NULL,'AÇÃO INADIMPLMENTE DEC. 2024','25150000011257','Igo Lobler'),(572,3,12,515,3,NULL,0,0,0,3370,'2024-12-12 11:00:00','2024-12-23',NULL,NULL,'25150000004757','João Juliano Pinheiro'),(573,3,12,516,3,NULL,0,0,1,3371,'2024-12-12 11:00:00','2024-12-16',NULL,NULL,'24150000396943','João Juliano Pinheiro'),(574,3,5,517,1,NULL,1,0,0,3372,'2024-12-12 14:00:00','2024-12-12',NULL,NULL,'25150000010641','Rebeca Dopke'),(575,3,1,518,2,NULL,1,0,0,3373,'2024-12-13 13:24:00','2024-12-13',NULL,'AÇÃO INADIMPLMENTE DEC. 2024','25150000011230','Antonio Werner'),(576,3,1,64,2,NULL,1,0,0,3374,'2024-12-13 14:14:00','2024-12-13',NULL,'AÇÃO INADIMPLMENTE DEC. 2024','25150000011222','Igo Lobler'),(577,3,13,519,1,NULL,0,0,0,3375,'2024-12-17 14:30:00',NULL,NULL,'Notificação de trânsito - SIE 137','24150000399314','Rebeca Dopke'),(578,3,1,520,2,NULL,1,0,0,3376,'2024-12-17 15:35:00','2024-12-17',NULL,'AÇÃO INADIMPLMENTE DEC. 2024','25150000011214','Igo Lobler'),(579,3,13,521,2,NULL,1,0,0,3377,'2024-12-18 14:45:00',NULL,NULL,NULL,NULL,'Antonio Werner'),(580,3,13,522,1,NULL,0,0,0,3378,'2024-12-19 08:30:00',NULL,NULL,'Notificação de trânsito - SIE 137','24150000402994','Rebeca Dopke'),(581,3,1,523,2,NULL,1,0,0,3379,'2024-12-20 09:50:00','2024-12-20',NULL,'AÇÃO INADIMPLMENTE DEC. 2024','25150000010943','Igo Lobler'),(582,3,1,524,2,NULL,1,0,0,3380,'2024-12-20 15:10:00','2024-12-20',NULL,'AÇÃO INADIMPLMENTE DEC. 2024','25150000010919','Igo Lobler'),(583,3,13,525,1,NULL,0,0,1,3381,'2024-12-23 11:50:00','2025-01-08',NULL,'Notificação de trânsito - SIE 137','24150000405446','Rebeca Dopke'),(584,3,1,526,1,NULL,1,0,0,3382,'2024-12-26 10:00:00','2024-12-26',NULL,'AÇÃO INADIMPLMENTE DEC. 2024','25150000010838','Cristiano Silveira'),(585,3,3,526,1,NULL,1,0,0,3383,'2024-12-26 10:10:00','2024-12-26',NULL,NULL,'25150000010773','Cristiano Silveira'),(586,3,1,527,1,NULL,1,0,0,3384,'2024-12-26 15:40:00','2024-12-26',NULL,'AÇÃO INADIMPLMENTE DEC. 2024','25150000010730','Cristiano Silveira'),(587,3,1,528,1,NULL,1,0,0,3385,'2024-12-27 10:15:00',NULL,NULL,NULL,NULL,'Rebeca Dopke'),(588,3,13,529,2,NULL,0,0,0,3386,'2024-12-30 11:25:00',NULL,NULL,'Notificação de trânsito - SIE 139','25150000001499','Antonio Werner'),(589,3,13,465,2,NULL,0,0,0,3387,'2024-12-31 08:25:00',NULL,NULL,'Notificação de trânsito - SIE 952','25150000001464','Antonio Werner'),(590,3,13,232,2,NULL,0,0,0,3388,'2025-01-06 10:47:00',NULL,NULL,'Notificação de trânsito - SIE 139','25150000002320','Antonio Werner'),(591,3,1,530,3,NULL,1,0,0,3389,'2025-01-08 14:18:00','2025-01-08',NULL,'AÇÃO INADIMPLMENTE DEC. 2024','25150000068330','Igo Lobler'),(592,3,13,531,3,NULL,0,0,0,3390,'2025-01-08 16:23:00',NULL,NULL,'Notificação de trânsito - SIE 137',NULL,'João Juliano Pinheiro'),(593,3,13,240,5,NULL,0,0,0,3391,'2025-01-14 07:00:00','2025-05-21',NULL,'Notificação de trânsito - SIE 274','25150000010048','Jean Ricardo Anacker'),(594,3,1,532,3,NULL,1,0,0,3392,'2025-01-14 11:30:00',NULL,NULL,'AÇÃO INADIMPLMENTE DEC. 2024',NULL,'João Juliano Pinheiro'),(595,3,1,533,3,NULL,1,0,0,3393,'2025-01-14 15:00:00','2025-01-16',NULL,'AÇÃO INADIMPLMENTE DEC. 2024','25150000010048','João Juliano Pinheiro'),(596,3,1,534,1,NULL,1,0,0,3394,'2025-01-15 09:00:00',NULL,NULL,'AÇÃO INADIMPLMENTE DEC. 2024',NULL,'Rebeca Dopke'),(597,3,1,148,3,NULL,0,0,0,3395,'2025-01-16 09:00:00',NULL,NULL,'AÇÃO INADIMPLMENTE DEC. 2024','25150000015830','João Juliano Pinheiro'),(598,3,1,535,3,NULL,1,0,0,3396,'2025-01-16 09:00:00',NULL,NULL,'AÇÃO INADIMPLMENTE DEC. 2023 e 2024',NULL,'João Juliano Pinheiro'),(599,3,1,536,2,NULL,1,0,0,3397,'2025-01-17 14:59:00',NULL,NULL,'AÇÃO INADIMPLMENTE DEC. 2023 e 2024',NULL,'Antonio Werner'),(600,3,1,157,1,NULL,1,0,0,3398,'2025-01-21 10:00:00','2025-01-21',NULL,'AÇÃO INADIMPLENTE DEC. 2023','25150000316708','Rebeca Dopke'),(601,3,1,537,3,NULL,1,0,0,3399,'2024-01-21 10:20:00',NULL,NULL,'AÇÃO INADIMPLMENTE DEC. 2023',NULL,'João Juliano Pinheiro'),(602,3,1,538,2,NULL,1,0,0,3400,'2025-01-22 14:36:00',NULL,NULL,'AÇÃO INADIMPLMENTE DEC. 2024',NULL,'Antonio Werner'),(603,3,2,539,2,NULL,1,0,0,3401,'2025-01-22 16:00:00',NULL,NULL,NULL,NULL,'Antonio Werner'),(604,3,10,539,2,NULL,1,0,0,3402,'2025-01-22 16:00:00',NULL,NULL,NULL,NULL,'Antonio Werner'),(605,3,12,539,2,NULL,0,0,0,3403,'2025-01-22 16:00:00',NULL,NULL,NULL,NULL,'Antonio Werner'),(606,3,12,540,1,NULL,0,0,0,3404,'2025-01-22 16:15:00',NULL,NULL,NULL,NULL,'Rebeca Dopke'),(607,3,1,541,1,NULL,1,0,0,3405,'2025-01-23 10:00:00',NULL,NULL,'AÇÃO INADIMPLMENTE DEC. 2024',NULL,'Rebeca Dopke'),(608,3,13,442,3,NULL,0,0,1,3406,'2025-01-24 10:40:00','2025-01-24',NULL,NULL,'25150000028168','Igo Lobler'),(609,3,1,542,3,NULL,1,0,0,3407,'2025-01-24 11:05:00',NULL,NULL,'AÇÃO INADIMPLMENTE DEC. 2024','25150000318425','João Juliano Pinheiro'),(610,3,1,543,2,NULL,1,0,0,3408,'2025-01-24 14:30:00','2025-01-24',NULL,'AÇÃO INADIMPLMENTE DEC. 2024','25150000068283','Igo Lobler'),(611,3,1,544,2,'',1,0,0,3409,'2025-01-24 14:40:00','2025-01-24','','AÇÃO INADIMPLMENTE DEC. 2024','25150000068224','Igo Lobler'),(612,3,1,545,2,NULL,1,0,0,3410,'2025-01-24 14:50:00','2025-01-24',NULL,'AÇÃO INADIMPLMENTE DEC. 2024','25150000068194','Igo Lobler'),(613,3,1,546,1,NULL,1,0,0,3411,'2025-01-27 14:00:00',NULL,NULL,'AÇÃO INADIMPLMENTE DEC. 2022 2023 2024',NULL,'Rebeca Dopke'),(614,3,1,547,2,NULL,1,0,0,3412,'2025-01-28 15:07:00','2025-01-28',NULL,'AÇÃO INADIMPLMENTE DEC. 2024','25150000068186','Igo Lobler'),(615,3,1,158,1,NULL,1,1,0,3413,'2025-01-28 15:32:00',NULL,NULL,'AÇÃO INADIMPLENTE DEC. 2024',NULL,'Rebeca Dopke'),(616,3,3,158,1,NULL,1,0,0,3414,'2025-01-28 15:32:00',NULL,NULL,NULL,NULL,'Rebeca Dopke'),(617,3,12,548,3,NULL,0,0,1,3415,'2024-01-29 10:00:00','2025-01-29',NULL,NULL,'25150000028192','Igo Lobler'),(618,3,12,549,2,NULL,0,0,1,3416,'2025-01-29 12:25:00',NULL,NULL,NULL,NULL,'Antonio Werner'),(619,3,2,550,2,NULL,1,0,0,3417,'2025-01-29 18:00:00',NULL,NULL,NULL,NULL,'Antonio Werner'),(620,3,1,551,2,NULL,1,0,0,3418,'2025-01-30 10:00:00',NULL,NULL,NULL,NULL,'Antonio Werner'),(621,3,1,552,1,NULL,1,0,0,3419,'2025-01-30 16:00:00','2025-05-08',NULL,'AÇÃO INADIMPLENTE DEC. 2023 E 2024','25150000316678','Rebeca Dopke'),(622,3,1,553,1,NULL,1,0,0,3420,'2024-01-31 09:20:00',NULL,NULL,'AÇÃO INADIMPLENTE DEC. 2022, 2023 E 2024',NULL,'Rebeca Dopke'),(623,3,1,554,3,NULL,0,0,0,3421,'2025-01-31 09:35:00','2025-01-31',NULL,'AÇÃO INADIMPLENTE DEC. 2022, 2023 E 2024','25150000068089','Igo Lobler'),(624,3,3,554,3,NULL,0,0,0,3422,'2025-01-31 09:35:00','2025-01-31',NULL,NULL,'25150000068135','Igo Lobler'),(625,3,10,240,2,NULL,0,0,0,3423,'2025-02-03 15:17:00',NULL,NULL,NULL,NULL,'Antonio Werner'),(626,3,2,555,2,NULL,1,0,0,3424,'2025-02-05 12:57:00',NULL,NULL,NULL,NULL,'Antonio Werner'),(627,3,1,556,1,NULL,1,0,0,3425,'2025-02-10 11:30:00',NULL,NULL,'AÇÃO INADIMPLENTE DEC. 2024',NULL,'Rebeca Dopke'),(628,3,12,557,1,NULL,0,0,0,3426,'2025-02-11 06:30:00',NULL,NULL,'NOTIFICAÇÃO DE TRANSITO - SIE 139',NULL,'Rebeca Dopke'),(629,3,13,558,1,NULL,0,0,0,3427,'2025-02-11 08:48:00',NULL,NULL,'NOTIFICAÇÃO DE TRANSITO - SIF 3024','25150000045348','Rebeca Dopke'),(630,3,2,559,1,NULL,1,0,0,3428,'2025-02-11 09:00:00',NULL,NULL,'AMR',NULL,'Rebeca Dopke'),(631,3,1,560,1,NULL,1,0,0,3429,'2025-02-11 14:07:00','2025-02-11',NULL,'AÇÃO INADIMPLENTE DEC. 2024','25150000067953','Igo Lobler'),(632,3,1,561,1,NULL,1,0,0,3430,'2025-02-11 15:41:00','2025-02-11',NULL,'AÇÃO INADIMPLENTE DEC. 2024','25150000067929','Igo Lobler'),(633,3,1,562,1,NULL,1,0,0,3431,'2025-02-17 09:09:00','2025-02-17',NULL,'AÇÃO INADIMPLENTE DEC. 2024','25150000091765','Igo Lobler'),(634,3,13,563,1,NULL,0,0,0,3432,'2025-02-18 15:20:00',NULL,NULL,'NOTIFICAÇÃO DE TRANSITO - SIF 3024','25150000084050','Rebeca Dopke'),(635,3,11,422,1,NULL,0,0,0,3433,'2025-02-18 15:20:00','2025-03-20',NULL,'NOTIFICAÇÃO DE TRANSITO - SIF 3024','25150000144770','Rebeca Dopke'),(636,3,1,564,1,NULL,1,0,0,3434,'2025-02-19 11:30:00','2025-02-19',NULL,'AÇÃO INADIMPLENTE DEC. 2024','25150000091510','Igo Lobler'),(637,3,1,565,1,NULL,1,0,0,3435,'2025-02-19 11:30:00','2025-02-19',NULL,'AÇÃO INADIMPLENTE DEC. 2024','25150000091498','Igo Lobler'),(638,3,1,566,2,NULL,1,0,0,3436,'2025-02-21 08:45:00','2025-02-21',NULL,'AÇÃO INADIMPLENTE DEC. 2024','25150000091471','Igo Lobler'),(639,3,1,567,2,NULL,1,0,0,3437,'2025-02-21 15:00:00',NULL,NULL,'AÇÃO INADIMPLENTE DEC. 2024','25150000091439','Igo Lobler'),(640,3,1,568,2,NULL,1,0,0,3438,'2025-02-25 08:10:00',NULL,NULL,'AÇÃO INADIMPLENTE DEC. 2024','25150000091293','Igo Lobler'),(641,3,1,569,2,NULL,1,0,0,3439,'2025-02-27 10:42:00',NULL,NULL,'AÇÃO INADIMPLENTE DEC. 2024','25150000091250','Igo Lobler'),(642,3,13,570,3,NULL,0,0,0,3440,'2025-03-06 14:11:00',NULL,NULL,'Div. idade SIE 952','25150000068852','João Juliano Pinheiro'),(643,3,1,571,2,NULL,1,0,0,3441,'2025-03-07 13:56:00',NULL,NULL,'AÇAO INADIMPLENTE 2022, 2023 E 2024',NULL,'Antonio Werner'),(644,3,1,572,2,NULL,1,0,0,3442,'2025-03-10 13:39:00','2025-03-10',NULL,'AÇÃO INADIMPLENTE DEC. 2024',NULL,'Igo Lobler'),(645,3,13,573,3,NULL,0,0,1,3443,'2025-03-10 16:40:00','2025-03-12',NULL,NULL,'25150000074607','João Juliano Pinheiro'),(646,3,12,574,1,NULL,0,0,1,3444,'2025-03-11 09:30:00','2025-03-21',NULL,'AMR 15','25150000139946','Rebeca Dopke'),(647,3,13,575,3,NULL,0,0,0,3445,'2025-03-12 16:25:00',NULL,NULL,NULL,'25150000074623','João Juliano Pinheiro'),(648,3,1,576,1,NULL,1,0,0,3446,'2025-03-13 16:40:00',NULL,NULL,'AÇÃO INADIMPLENTE DEC. 2023',NULL,'Rebeca Dopke'),(649,3,1,577,2,'',1,0,0,3447,'2025-03-17 09:26:00','2025-03-17','','AÇÃO INADIMPLENTE DEC. 2023','25150000162140','Igo Lobler'),(650,3,13,578,2,NULL,0,0,0,3448,'2025-03-17 10:00:00',NULL,NULL,'Notificação de trânsito - SIE 139','25150000084173','Antonio Werner'),(651,3,1,579,2,'',1,0,0,3449,'2025-03-17 14:10:00','2025-03-17','','AÇÃO INADIMPLENTE DEC. 2024','25150000162123','Igo Lobler'),(652,3,12,580,2,NULL,0,0,0,3450,'2025-03-21 14:10:00','2025-03-21',NULL,NULL,'25150000154040','Igo Lobler'),(653,3,13,581,3,NULL,0,0,0,3451,'2025-03-21 14:40:00',NULL,NULL,NULL,NULL,'João Juliano Pinheiro'),(654,3,12,582,3,NULL,0,0,0,3452,'2025-03-24 10:00:00',NULL,NULL,NULL,NULL,'João Juliano Pinheiro'),(655,3,12,583,NULL,NULL,0,0,1,3453,'2025-03-25 16:50:00',NULL,NULL,NULL,NULL,NULL),(656,3,13,584,1,NULL,0,0,0,3454,'2025-03-26 14:40:00','2025-04-10',NULL,'Notificação de trânsito - SIE 137','25150000101299','Rebeca Dopke'),(657,3,1,585,2,NULL,1,0,0,3455,'2025-03-27 08:16:00','2025-03-27',NULL,'AÇÃO INADIMPLENTE DEC. 2024','25150000162174','Antonio Werner'),(658,3,2,586,3,NULL,1,0,0,3456,'2025-03-27 16:20:00','2025-03-27',NULL,NULL,'25150000116946','João Juliano Pinheiro'),(659,3,13,584,1,NULL,0,1,0,3457,'2025-04-01 11:30:00','2025-04-10',NULL,'Notificação de trânsito - SIE 137','25150000101329','Rebeca Dopke'),(660,3,1,587,2,NULL,1,0,0,3458,'2025-04-01 09:37:00','2025-04-01',NULL,'AÇÃO INADIMPLENTE DEC. 2024','25150000162301','Igo Lobler'),(661,3,1,588,2,NULL,1,0,0,3459,'2025-04-01 10:26:00','2025-04-01',NULL,'AÇÃO INADIMPLENTE DEC. 2023','25150000163618','Antonio Werner'),(662,3,13,589,2,NULL,0,0,0,3460,'2025-04-02 14:24:00',NULL,NULL,'Notificação de trânsito - SIM 006','25150000102929','Antonio Werner'),(663,3,1,590,3,NULL,1,0,0,3461,'2025-04-03 09:30:00',NULL,NULL,NULL,NULL,'João Juliano Pinheiro'),(664,3,3,591,2,NULL,1,0,0,3462,'2025-04-03 10:26:00','2025-04-28',NULL,'propriedade santa emilia ','25150000156921','Antonio Werner'),(665,3,1,591,2,NULL,1,0,0,3463,'2025-04-03 10:27:00','2025-04-28',NULL,'AÇÃO INADIMPLENTE DEC. 2021, 2022, 2023 e 2024','25150000156964','Antonio Werner'),(666,3,7,591,2,NULL,1,0,0,3464,'2025-04-03 10:28:00','2025-04-28',NULL,'propriedade linha herval','25150000156999','Antonio Werner'),(667,3,13,591,2,NULL,1,0,0,3465,'2025-04-03 10:29:00','2025-04-28',NULL,'propriedade linha herval','25150000157022','Antonio Werner'),(668,3,13,574,3,NULL,0,1,0,3466,'2025-04-04 11:10:00',NULL,NULL,'Divergência de idade - SIE 952',NULL,'João Juliano Pinheiro'),(669,3,10,592,2,NULL,0,0,0,3467,'2025-04-04 15:33:00',NULL,NULL,'emprestar cadastro para GTA destino divergente',NULL,'Antonio Werner'),(670,3,1,593,3,NULL,1,0,0,3468,'2025-04-07 09:35:00','2025-04-07',NULL,'AÇÃO INADIMPLENTE DEC. 2024','25150000163626','Igo Lobler'),(671,3,1,594,3,NULL,1,0,0,3469,'2025-04-07 15:30:00','2025-04-07',NULL,'AÇÃO INADIMPLENTE DEC. 2024','25150000163669','Igo Lobler'),(672,3,1,595,3,NULL,1,0,0,3470,'2025-04-07 14:40:00','2025-04-07',NULL,'AÇÃO INADIMPLENTE DEC. 2024','25150000163685','Igo Lobler'),(673,3,1,596,3,NULL,1,0,0,3471,'2025-04-07 15:40:00','2025-04-07',NULL,'AÇÃO INADIMPLENTE DEC. 2024','25150000163693','Igo Lobler'),(674,3,1,597,3,NULL,1,0,0,3472,'2025-04-08 10:00:00','2025-04-08',NULL,'AÇÃO INADIMPLENTE DEC. 2024','25150000163707','Igo Lobler'),(675,3,13,598,1,NULL,0,0,0,3473,'2025-04-11 15:30:00',NULL,NULL,'Notificação de trânsito - SIE 137','25150000113815','Rebeca Dopke'),(676,3,1,599,3,NULL,1,0,0,3474,'2025-04-09 08:20:00',NULL,NULL,'AÇÃO INADIMPLENTE DEC. 2024','25150000318417','João Juliano Pinheiro'),(677,3,2,11,3,NULL,1,0,0,3475,'2025-04-09 09:30:00','2025-04-09',NULL,NULL,'25150000163723','João Juliano Pinheiro'),(678,3,1,600,3,NULL,1,0,0,3476,'2025-04-09 13:52:00','2025-04-09',NULL,'AÇÃO INADIMPLENTE DEC. 2024','25150000163731','Igo Lobler'),(679,3,13,601,2,NULL,0,0,0,3477,'2025-04-14 09:27:00','2025-05-28',NULL,NULL,'25150000167478','Antonio Werner'),(680,3,1,602,1,NULL,1,0,0,3478,'2025-04-14 09:30:00','2025-04-15',NULL,'AÇÃO INADIMPLENTE DEC. 2024','25150000318468','Rebeca Dopke'),(681,3,1,603,2,NULL,0,0,0,3479,'2025-04-16 10:20:00','2025-04-16',NULL,'AÇÃO INADIMPLENTE DEC. 2024','25150000163642','Igo Lobler'),(682,3,1,604,2,NULL,1,0,0,3480,'2025-04-17 00:00:00','2025-04-17',NULL,NULL,'25150000163740',NULL),(683,3,1,605,2,NULL,1,0,0,3481,'2025-04-22 09:04:00',NULL,NULL,'AÇÃO INADIMPLENTE DEC. 2022 a 2024',NULL,'Antonio Werner'),(684,3,1,606,2,NULL,1,0,0,3482,'2025-04-22 09:45:00',NULL,NULL,NULL,NULL,'Antonio Werner'),(685,3,1,607,2,NULL,1,0,0,3483,'2025-04-22 10:05:00',NULL,NULL,'AÇÃO INADIMPLENTE DEC. 2024','25150000163871','Antonio Werner'),(686,3,13,584,3,NULL,0,0,0,3484,'2025-04-23 16:00:00',NULL,NULL,'DIV. IDADE SIE 137','25150000131295','João Juliano Pinheiro'),(687,3,13,584,3,NULL,0,0,0,3485,'2025-04-23 16:00:00',NULL,NULL,'DIV. IDADE SIE 137','25150000131333','João Juliano Pinheiro'),(688,3,1,608,2,NULL,0,0,0,3486,'2025-04-24 08:42:00','2025-04-24',NULL,'AÇÃO INADIMPLENTE DEC. 2024','25150000163910','Igo Lobler'),(689,3,1,609,2,NULL,1,0,0,3487,'2025-04-24 13:52:00',NULL,NULL,'AÇÃO INADIMPLMENTE DEC. 2023 e 2024',NULL,'Antonio Werner'),(690,3,1,610,2,NULL,1,0,0,3488,'2025-04-24 14:57:00',NULL,NULL,'AÇÃO INADIMPLENTE DEC. 2024','25150000163936','Antonio Werner'),(691,3,1,611,2,NULL,1,0,0,3489,'2025-04-28 08:15:00',NULL,NULL,'AÇÃO INADIMPLENTE DEC. 2024','25150000163952','Igo Lobler'),(692,3,1,612,2,NULL,1,0,0,3490,'2025-04-28 10:08:00',NULL,NULL,'AÇÃO INADIMPLENTE DEC. 2024','25150000163960','Antonio Werner'),(693,3,1,613,2,NULL,1,0,0,3491,'2025-04-29 10:27:00','2025-04-29',NULL,'AÇÃO INADIMPLMENTE DEC. 2023 e 2024','25150000189528','Antonio Werner'),(694,3,13,614,2,NULL,0,0,0,3492,'2025-04-29 12:10:00',NULL,NULL,'Notificação de trânsito - SIE 139','25150000130361','Antonio Werner'),(695,3,1,615,2,NULL,1,0,0,3493,'2025-04-30 08:16:00',NULL,NULL,'AÇÃO INADIMPLMENTE DEC. 2023 e 2024','25150000164452','Igo Lobler'),(696,3,13,584,1,NULL,0,0,0,3494,'2025-04-30 10:30:00','2025-05-09',NULL,'DIV. IDADE SIE 137','25150000135975','Rebeca Dopke'),(697,3,1,616,2,NULL,1,0,0,3495,'2025-04-30 15:46:00',NULL,NULL,'AÇÃO INADIMPLMENTE DEC.2021, 2022, 2023 e 2024','25150000164460','Igo Lobler'),(698,3,1,617,3,NULL,1,0,0,3496,'2025-05-02 14:04:00',NULL,NULL,'AÇÃO INADIMPLMENTE DEC. 2023 e 2024','25150000164495','Igo Lobler'),(699,3,1,618,2,NULL,1,0,0,3497,'2025-05-05 14:24:00',NULL,NULL,'AÇÃO INADIMPLENTE DEC. 2024',NULL,'Antonio Werner'),(700,3,1,619,2,NULL,1,0,0,3498,'2025-05-05 14:50:00',NULL,NULL,'AÇÃO INADIMPLENTE DEC. 2024','25150000164526','Igo Lobler'),(701,3,2,620,3,NULL,1,0,0,3499,'2025-05-05 16:50:00',NULL,NULL,NULL,NULL,'João Juliano Pinheiro'),(702,3,1,621,2,NULL,1,0,0,3500,'2025-05-06 07:56:00',NULL,NULL,'AÇÃO INADIMPLENTE DEC. 2024',NULL,'Antonio Werner'),(703,3,1,622,2,NULL,1,0,0,3501,'2025-05-06 08:59:00',NULL,NULL,'AÇÃO INADIMPLENTE DEC. 2024',NULL,'Antonio Werner'),(704,3,1,623,2,NULL,1,0,0,3502,'2025-05-06 15:55:00',NULL,NULL,'AÇÃO INADIMPLENTE DEC. 2023',NULL,'Antonio Werner'),(705,3,12,624,1,NULL,0,0,1,3503,'2025-05-06 16:00:00','2025-05-07',NULL,NULL,'25150000139814','Rebeca Dopke'),(706,3,2,624,1,NULL,1,0,0,3504,'2025-05-06 16:00:00','2025-05-07',NULL,NULL,'25150000139849','Rebeca Dopke'),(707,3,2,305,2,NULL,1,0,0,3505,'2025-05-07 08:12:00',NULL,NULL,NULL,'25150000164550',NULL),(708,3,13,598,1,NULL,0,0,0,3506,'2025-05-07 14:50:00',NULL,NULL,'Notificação de trânsito - SIE 137','25150000144710','Rebeca Dopke'),(709,3,12,322,2,NULL,0,0,1,3507,'2025-05-07 15:07:00','2025-05-07',NULL,NULL,'25150000161941','Antonio Werner'),(710,3,1,625,2,NULL,1,0,0,3508,'2025-05-07 15:46:00',NULL,NULL,'AÇÃO INADIMPLENTE DEC. 2023','25150000165009','Antonio Werner'),(711,3,1,626,NULL,NULL,1,0,0,3509,'2025-05-07 16:00:00',NULL,NULL,NULL,NULL,NULL),(712,3,1,627,1,NULL,1,0,0,3510,'2025-05-08 10:13:00','2025-05-08',NULL,'AÇÃO INADIMPLENTE DEC. 2023, 2024','25150000164614','Igo Lobler'),(713,3,1,628,3,NULL,1,0,0,3511,'2025-05-08 10:51:00','2025-05-08',NULL,'AÇÃO INADIMPLENTE DEC. 2024','25150000164622','Igo Lobler'),(714,3,1,629,3,NULL,1,0,0,3512,'2025-05-08 11:03:00','2025-05-08',NULL,'AÇÃO INADIMPLENTE DEC. 2024','25150000164649','Igo Lobler'),(715,3,1,630,2,NULL,1,0,0,3513,'2025-05-08 14:00:00','2025-05-08',NULL,'AÇÃO INADIMPLENTE DEC. 2024','25150000164673','Antonio Werner'),(716,3,1,210,NULL,NULL,1,0,0,3514,'2025-05-08 14:30:00',NULL,NULL,NULL,NULL,NULL),(717,3,1,631,3,NULL,1,0,0,3515,'2025-05-12 09:10:00','2025-05-12',NULL,'AÇÃO INADIMPLENTE DEC. 2024','25150000300372','Igo Lobler'),(718,3,1,632,2,NULL,1,0,0,3516,'2025-05-12 14:31:00','2025-05-12',NULL,'AÇÃO INADIMPLENTE DEC. 2020, 2021, 2022, 2023 e 2024','25150000164991','Igo Lobler'),(719,3,2,633,2,NULL,1,0,0,3517,'2025-05-12 14:58:00',NULL,NULL,NULL,'25150000164940',NULL),(720,3,1,634,2,NULL,1,0,0,3518,'2025-05-12 15:07:00','2025-05-12',NULL,'AÇÃO INADIMPLENTE DEC. 2022, 2023 e 2024','25150000164975','Igo Lobler'),(721,3,1,635,NULL,NULL,1,0,0,3519,'2025-05-12 15:10:00',NULL,NULL,NULL,NULL,NULL),(722,3,1,209,NULL,NULL,1,0,0,3520,'2025-05-12 15:11:00',NULL,NULL,NULL,NULL,NULL),(723,3,1,637,2,NULL,1,0,0,3521,'2025-05-13 11:00:00','2025-05-13',NULL,'AÇÃO INADIMPLENTE DEC. 2024','25150000164916','Igo Lobler'),(724,3,1,638,NULL,NULL,1,0,0,3522,'2025-05-13 14:30:00',NULL,NULL,NULL,NULL,NULL),(725,3,1,639,3,NULL,1,0,0,3523,'2025-05-13 14:50:00','2025-05-13',NULL,NULL,'25150000164908','João Juliano Pinheiro'),(726,3,13,640,2,NULL,0,0,0,3524,'2025-05-14 10:31:00',NULL,NULL,'Notificação de trânsito - SIE 139','25150000155348','Antonio Werner'),(727,3,1,641,2,NULL,1,0,0,3525,'2025-05-15 08:40:00','2025-05-15',NULL,'AÇÃO INADIMPLENTE DEC. 2024','25150000173249','Igo Lobler'),(728,3,1,642,1,NULL,1,0,0,3526,'2025-05-15 16:30:00','2025-05-15',NULL,'AÇÃO INADIMPLENTE DEC. 2024','25150000173265','Igo Lobler'),(729,3,13,643,2,NULL,0,0,1,3527,'2024-05-16 16:45:00','2025-05-16',NULL,NULL,'25150000158622','Igo Lobler'),(730,3,13,644,1,NULL,0,0,1,3528,'2025-05-20 08:40:00','2025-05-30',NULL,'Notificação de trânsito SIE 137','25150000149526','Rebeca Dopke'),(731,3,1,645,2,NULL,1,0,0,3529,'2025-05-20 10:45:00','2025-05-20',NULL,'AÇÃO INADIMPLENTE DEC. 2024','25150000173290','Igo Lobler'),(732,3,1,646,2,NULL,1,0,0,3530,'2025-05-20 16:00:00','2025-05-20',NULL,'AÇÃO INADIMPLENTE DEC. 2024','25150000173273','Igo Lobler'),(733,3,13,647,2,NULL,0,0,1,3531,'2025-05-20 16:07:00','2025-05-20',NULL,'TRANSITAR SEM GTA','25150000149348','Igo Lobler'),(734,3,1,648,2,NULL,1,0,0,3532,'2025-05-21 09:06:00','2025-05-21',NULL,'AÇÃO INADIMPLENTE DEC. 2024','25150000173320','Antonio Werner'),(735,3,1,649,1,NULL,1,0,0,3533,'2025-05-21 14:20:00','2025-05-21',NULL,'AÇÃO INADIMPLENTE DEC. 2024','25150000173338','Rebeca Dopke'),(736,3,1,650,3,NULL,1,0,0,3534,'2025-05-26 13:56:00','2025-05-26',NULL,'AÇÃO INADIMPLENTE DEC. 2024','25150000182060','Igo Lobler'),(737,3,1,651,2,NULL,1,0,0,3535,'2025-05-26 14:00:00',NULL,NULL,'AÇÃO INADIMPLENTE DEC. 2024',NULL,'Antonio Werner'),(738,3,2,652,2,NULL,1,0,0,3536,'2025-05-27 14:55:00','2025-05-27',NULL,NULL,'25150000181985','Antonio Werner'),(739,3,1,653,2,NULL,1,0,0,3537,'2025-05-29 14:02:00',NULL,NULL,'AÇÃO INADIMPLENTE DEC. 2023',NULL,'Antonio Werner'),(740,3,1,654,2,NULL,1,0,0,3538,'2025-05-29 14:50:00','2025-05-29',NULL,'AÇÃO INADIMPLENTE DEC. 2024','25150000182019','Cristiano Silveira'),(741,3,12,655,1,NULL,0,0,1,3539,'2025-05-29 16:30:00','2025-05-30',NULL,NULL,'25150000163863','Rebeca Dopke'),(742,3,2,656,1,NULL,1,0,0,3540,'2025-05-30 14:14:00','2025-05-30',NULL,'NÃO MANTER INVENTÁRIO ATUALIZADO ','25150000183457','Igo Lobler'),(743,3,1,657,2,NULL,1,0,0,3541,'2025-05-30 14:30:00',NULL,NULL,'AÇÃO INADIMPLENTE DEC. 2023',NULL,'Antonio Werner'),(744,3,2,658,3,NULL,1,0,0,3542,'2025-06-02 08:30:00','2025-06-02',NULL,NULL,'25150000183473','João Juliano Pinheiro'),(745,3,1,659,2,NULL,1,0,0,3543,'2025-06-02 08:39:00',NULL,NULL,'AÇÃO INADIMPLENTE DEC. 2023',NULL,'Antonio Werner'),(746,3,12,660,2,NULL,0,0,1,3544,'2025-06-02 09:27:00','2025-06-02',NULL,NULL,'25150000163189','Igo Lobler'),(747,3,2,661,1,NULL,1,0,0,3546,'2025-06-02 11:00:00',NULL,NULL,NULL,NULL,'Rebeca Dopke'),(748,3,1,662,2,NULL,1,0,0,3547,'2025-06-02 11:05:00',NULL,NULL,'AÇÃO INADIMPLENTE DEC. 2023',NULL,'Antonio Werner'),(749,3,13,663,1,NULL,0,0,0,3548,'2025-06-03 09:15:00',NULL,NULL,'Notificação de Trânsito SIF 3024','25150000163790','Rebeca Dopke'),(750,3,1,664,2,NULL,1,0,0,3549,'2025-06-04 11:14:00','2025-06-04',NULL,'AÇÃO INADIMPLENTE DEC. 2024','25150000189560','Antonio Werner'),(751,3,1,665,2,NULL,1,0,0,3550,'2025-06-04 11:30:00',NULL,NULL,'AÇÃO INADIMPLENTE DEC. 2021, 2022, 2023 e 2024',NULL,'Antonio Werner'),(752,3,1,666,2,NULL,1,0,0,3551,'2025-06-04 11:30:00',NULL,NULL,'AÇÃO INADIMPLENTE DEC. 2024',NULL,'Antonio Werner'),(753,3,1,667,2,NULL,1,0,0,3552,'2025-06-05 16:55:00','2025-06-05',NULL,'AÇÃO INADIMPLENTE DEC. 2024','25150000189587','Igo Lobler'),(754,3,1,668,2,NULL,1,0,0,3553,'2025-06-06 09:04:00','2025-06-06',NULL,'AÇÃO INADIMPLENTE DEC. 2024','25150000189461','Igo Lobler'),(755,3,1,669,2,NULL,1,0,0,3554,'2025-06-06 15:12:00','2025-06-06',NULL,'AÇÃO INADIMPLENTE DEC. 2024','25150000189676','Igo Lobler'),(756,3,1,670,2,NULL,1,0,0,3555,'2025-06-09 11:17:00',NULL,NULL,'AÇÃO INADIMPLENTE DEC. 2024',NULL,'Antonio Werner'),(757,3,1,671,2,NULL,1,0,0,3556,'2025-06-09 11:17:00',NULL,NULL,'AÇÃO INADIMPLENTE DEC. 2024',NULL,'Antonio Werner'),(758,3,12,672,1,NULL,0,0,1,3557,'2025-06-09 16:00:00','2025-06-24',NULL,'AÇÃO INADIMPLENTE DEC. 2024','25150000184780','Rebeca Dopke'),(759,3,1,673,2,NULL,1,0,0,3558,'2025-06-10 13:45:00','2025-06-10',NULL,NULL,'25150000189706','Igo Lobler'),(760,3,1,674,2,NULL,1,0,0,3559,'2025-06-10 15:20:00','2025-06-10',NULL,NULL,'25150000189730','Antonio Werner'),(761,3,1,180,2,NULL,1,0,0,3560,'2025-06-11 16:00:00',NULL,NULL,'AÇÃO INADIMPLENTE DEC. 2023, 2024',NULL,'Antonio Werner'),(762,3,1,675,2,NULL,1,0,0,3561,'2025-06-13 11:00:00',NULL,NULL,NULL,NULL,'Antonio Werner'),(763,3,12,480,2,NULL,0,0,1,3562,'2025-06-13 13:10:00','2025-06-26',NULL,NULL,'25150000186111','Antonio Werner'),(764,3,1,676,2,NULL,1,0,0,3563,'2025-06-13 14:00:00',NULL,NULL,'AÇÃO INADIMPLENTE DEC. 2023, 2024',NULL,'Antonio Werner'),(765,3,1,677,2,NULL,1,0,0,3564,'2025-06-13 16:20:00','2025-06-13',NULL,'AÇÃO INADIMPLENTE DEC. 2024','25150000294682','Igo Lobler'),(766,3,13,678,2,NULL,0,0,1,3565,'2025-06-16 08:45:00','2025-06-16',NULL,'SEM GTA','25150000177651','Igo Lobler'),(767,3,1,679,2,NULL,1,0,0,3566,'2025-06-16 10:31:00',NULL,NULL,'AÇÃO INADIMPLENTE DEC. 2023',NULL,'Antonio Werner'),(768,3,1,680,2,NULL,1,0,0,3567,'2025-06-16 16:02:00','2025-06-16',NULL,'AÇÃO INADIMPLENTE DEC. 2023','25150000294755','Antonio Werner'),(769,3,1,681,2,NULL,1,0,0,3568,'2025-06-17 11:00:00','2025-06-30',NULL,NULL,'25150000297541','Cristiano Silveira'),(770,3,3,681,2,NULL,1,0,0,3569,'2025-06-17 11:00:00','2025-06-30',NULL,NULL,'25150000297525','Cristiano Silveira'),(771,3,1,682,2,NULL,1,0,0,3570,'2025-06-17 13:39:00',NULL,NULL,'AÇÃO INADIMPLENTE DEC. 2023',NULL,'Antonio Werner'),(772,3,1,683,2,NULL,1,0,0,3571,'2025-06-17 14:04:00','2025-06-17',NULL,'AÇÃO INADIMPLENTE DEC. 2024','25150000294941','Igo Lobler'),(773,3,1,684,2,NULL,1,0,0,3572,'2025-06-17 16:47:00','2025-06-17',NULL,'AÇÃO INADIMPLENTE DEC. 2023, 2024','25150000294984','Antonio Werner'),(774,3,1,685,2,NULL,1,0,0,3573,'2025-06-18 16:15:00','2025-06-18',NULL,'AÇÃO INADIMPLENTE DEC. 2021 e 2023','25150000295026','Antonio Werner'),(775,3,1,686,2,NULL,1,0,0,3574,'2025-06-20 10:00:00','2025-06-20',NULL,NULL,'25150000295050','Cristiano Silveira'),(776,3,2,687,3,NULL,1,0,0,3575,'2025-06-20 10:00:00','2025-06-20',NULL,NULL,'25150000295190','João Juliano Pinheiro'),(777,3,2,688,3,NULL,1,0,0,3576,'2025-06-20 11:30:00','2025-06-20',NULL,NULL,'25150000295247','João Juliano Pinheiro'),(778,3,1,689,2,NULL,1,0,0,3577,'2025-06-23 09:40:00','2025-06-23',NULL,'AÇÃO INADIMPLENTE DEC. 2024','25150000295301','Antonio Werner'),(779,3,1,690,2,NULL,1,0,0,3578,'2025-06-23 09:41:00',NULL,NULL,'AÇÃO INADIMPLENTE DEC. 2021, 2022 e 2024',NULL,'Antonio Werner'),(780,3,1,691,2,NULL,1,0,0,3579,'2025-06-23 10:57:00',NULL,NULL,NULL,NULL,'Antonio Werner'),(781,3,1,692,2,NULL,1,0,0,3580,'2025-06-23 14:38:00',NULL,NULL,'AÇÃO INADIMPLENTE DEC. 2023, 2024',NULL,'Antonio Werner'),(782,3,1,693,2,NULL,1,0,0,3581,'2025-06-24 11:30:00','2025-06-24',NULL,NULL,'25150000294720','Cristiano Silveira'),(783,3,1,694,2,NULL,1,0,0,3582,'2025-06-24 13:53:00',NULL,NULL,'AÇÃO INADIMPLENTE DEC. 2024',NULL,'Antonio Werner'),(784,3,1,695,2,NULL,1,0,0,3583,'2025-06-25 14:29:00','2025-06-25',NULL,'AÇÃO INADIMPLENTE DEC. 2023','25150000297460','Igo Lobler'),(785,3,1,187,2,NULL,1,0,0,3584,'2025-06-25 14:45:00','2025-06-25',NULL,'AÇÃO INADIMPLENTE DEC. 2024',NULL,'Antonio Werner'),(786,3,1,696,1,NULL,1,0,0,3585,'2025-06-25 15:00:00',NULL,NULL,NULL,NULL,'Rebeca Dopke'),(787,3,13,664,2,NULL,0,0,1,3586,'2025-06-26 09:22:00','2025-09-15',NULL,NULL,'25150000294011','Antonio Werner'),(788,3,1,697,2,NULL,1,0,0,3587,'2025-06-26 14:00:00','2025-06-26',NULL,'AÇÃO INADIMPLENTE DEC. 2024','25150000297401','Cristiano Silveira'),(789,3,1,698,2,NULL,1,0,0,3588,'2025-06-26 16:55:00','2025-06-26',NULL,'AÇÃO INADIMPLENTE DEC. 2024','25150000297312','Igo Lobler'),(790,3,1,699,1,NULL,1,0,0,3589,'2025-06-27 09:20:00','2025-06-27',NULL,'AÇÃO INADIMPLENTE DEC. 2024','25150000297282','Rebeca Dopke'),(791,3,12,700,3,NULL,0,0,0,3590,'2025-06-27 14:21:00','2025-06-27',NULL,NULL,'25150000193894','João Juliano Pinheiro'),(792,3,1,701,2,NULL,1,0,0,3591,'2025-06-27 14:21:00','2025-06-27',NULL,'AÇÃO INADIMPLENTE DEC. 2024','25150000297231','Antonio Werner'),(793,3,1,700,3,NULL,1,0,0,3592,'2025-06-27 14:21:00','2025-06-27',NULL,'AÇÃO INADIMPLENTE DEC. 2023','25150000297207','João Juliano Pinheiro'),(794,3,1,702,1,NULL,1,0,0,3593,'2025-06-27 15:00:00','2025-06-27',NULL,'AÇÃO INADIMPLENTE DEC. 2024','25150000296642','Cristiano Silveira'),(795,3,8,702,1,NULL,0,0,1,3594,'2025-06-27 15:00:00','2025-06-27',NULL,NULL,'25150000187266','Cristiano Silveira'),(796,3,1,703,1,NULL,1,0,0,3595,'2025-06-27 15:10:00','2025-06-27',NULL,'AÇÃO INADIMPLENTE DEC. 2024','25150000297185','Rebeca Dopke'),(797,3,1,704,2,NULL,1,0,0,3596,'2025-06-27 15:26:00','2025-06-27',NULL,'AÇÃO INADIMPLENTE DEC. 2024','25150000297134','Antonio Werner'),(798,3,2,705,2,NULL,1,0,0,3597,'2025-06-30 09:45:00','2025-06-30',NULL,NULL,NULL,'Cristiano Silveira'),(799,3,1,706,1,NULL,1,0,0,3598,'2025-06-30 13:30:00','2025-06-30',NULL,'AÇÃO INADIMPLENTE DEC. 2021-2024','25150000297118','Rebeca Dopke'),(800,3,1,38,2,NULL,1,0,0,3599,'2025-06-30 14:50:00','2025-06-30',NULL,NULL,'25150000297053','Igo Lobler'),(801,3,1,707,2,NULL,1,0,0,3600,'2025-07-01 08:10:00','2025-07-01',NULL,'AÇÃO INADIMPLENTE DEC. 2025','25150000296960','Igo Lobler'),(802,3,1,708,2,NULL,1,0,0,3601,'2025-07-01 09:56:00','2025-07-01',NULL,'AÇÃO INADIMPLENTE DEC. 2025','25150000296901','Igo Lobler'),(803,3,1,709,2,NULL,1,0,0,3602,'2025-07-01 13:30:00','2025-07-01',NULL,'AÇÃO INADIMPLENTE DEC. 2025','25150000296898','Igo Lobler'),(804,3,1,710,2,NULL,1,0,0,3603,'2025-07-01 13:37:00','2025-07-01',NULL,'AÇÃO INADIMPLENTE DEC. 2024','25150000296863','Antonio Werner'),(805,3,1,543,2,NULL,1,0,0,3604,'2025-07-01 15:22:00','2025-07-01',NULL,'AÇÃO INADIMPLENTE DEC. 2025','25150000296820','Antonio Werner'),(806,3,1,282,2,NULL,1,0,0,3605,'2025-07-01 16:30:00','2025-07-01',NULL,'AÇÃO INADIMPLENTE DEC. 2025','25150000296812','Igo Lobler'),(807,3,1,711,2,NULL,1,0,0,3606,'2025-07-01 16:54:00','2025-07-01',NULL,'AÇÃO INADIMPLENTE DEC. 2024 e 2025','25150000296782','Antonio Werner'),(808,3,1,712,2,NULL,1,0,0,3607,'2025-07-01 16:54:00','2025-07-01',NULL,'AÇÃO INADIMPLENTE DEC. 2025','25150000296700','Igo Lobler'),(809,3,1,367,2,NULL,1,0,0,3608,'2025-07-02 10:10:00','2025-07-02',NULL,'AÇÃO INADIMPLENTE DEC. 2025','25150000296766','Igo Lobler'),(810,3,1,486,2,NULL,1,0,0,3609,'2025-07-02 10:20:00','2025-07-02',NULL,'AÇÃO INADIMPLENTE DEC. 2025',NULL,'Igo Lobler'),(811,3,1,713,2,NULL,1,0,0,3610,'2025-07-02 14:00:00','2025-07-02',NULL,NULL,'25150000296936','Cristiano Silveira'),(812,3,1,714,2,'',1,0,0,3611,'2025-07-02 14:20:00','2025-07-02','','AÇÃO INADIMPLENTE DEC. 2025','25150000296758','Antonio Werner'),(813,3,1,715,2,'',1,0,0,3612,'2025-07-02 15:30:00','2025-07-02','','AÇÃO INADIMPLENTE DEC. 2025','25150000296740','Igo Lobler'),(814,3,1,716,2,NULL,1,0,0,3613,'2025-07-02 16:19:00',NULL,NULL,'AÇÃO INADIMPLENTE DEC. 2024',NULL,'Antonio Werner'),(815,3,3,716,2,NULL,1,0,0,3614,'2025-07-02 16:20:00',NULL,NULL,'AÇÃO INADIMPLENTE DEC. 2024',NULL,'Antonio Werner'),(816,3,1,717,2,NULL,1,0,0,3615,'2025-07-03 08:37:00',NULL,NULL,'AÇÃO INADIMPLENTE DEC. 2023',NULL,'Antonio Werner'),(817,3,1,718,2,NULL,1,0,0,3616,'2025-07-03 08:38:00',NULL,NULL,'AÇÃO INADIMPLENTE DEC. 2024',NULL,'Antonio Werner'),(818,3,1,719,2,NULL,1,0,0,3617,'2025-07-03 08:39:00',NULL,NULL,'AÇÃO INADIMPLENTE DEC. 2023, 2024',NULL,'Antonio Werner'),(819,3,1,720,2,NULL,1,0,0,3618,'2025-07-03 08:40:00',NULL,NULL,'AÇÃO INADIMPLENTE DEC. 2023',NULL,'Antonio Werner'),(820,3,1,721,2,NULL,1,0,0,3619,'2025-07-03 08:41:00',NULL,NULL,'AÇÃO INADIMPLENTE DEC. 2023, 2024',NULL,'Antonio Werner'),(821,3,1,722,2,NULL,1,0,0,3620,'2025-07-03 08:42:00',NULL,NULL,'AÇÃO INADIMPLENTE DEC. 2024',NULL,'Antonio Werner'),(822,3,1,723,2,NULL,1,0,0,3621,'2025-07-03 08:43:00',NULL,NULL,'AÇÃO INADIMPLENTE DEC. 2020, 2021, 2022, 2023 e 2024',NULL,'Antonio Werner'),(823,3,1,724,2,NULL,1,0,0,3622,'2025-07-03 08:44:00',NULL,NULL,'AÇÃO INADIMPLENTE DEC. 2023, 2024',NULL,'Antonio Werner'),(824,3,1,725,2,NULL,1,0,0,3623,'2025-07-03 08:45:00',NULL,NULL,'AÇÃO INADIMPLENTE DEC. 2023',NULL,'Antonio Werner'),(825,3,1,726,2,NULL,1,0,0,3624,'2025-07-03 08:46:00',NULL,NULL,'AÇÃO INADIMPLENTE DEC. 2023, 2024',NULL,'Antonio Werner'),(826,3,1,727,2,NULL,1,0,0,3625,'2025-07-03 08:47:00',NULL,NULL,'AÇÃO INADIMPLENTE DEC. 2023, 2024',NULL,'Antonio Werner'),(827,3,1,728,2,NULL,1,0,0,3626,'2025-07-03 08:48:00',NULL,NULL,'AÇÃO INADIMPLENTE DEC. 2023, 2024',NULL,'Antonio Werner'),(828,3,1,729,2,NULL,1,0,0,3627,'2025-07-03 11:36:00','2025-07-03',NULL,'AÇÃO INADIMPLENTE DEC. 2023, 2024 e 2025','25150000296731','Antonio Werner'),(829,3,1,730,2,NULL,1,0,0,3628,'2025-07-03 13:57:00','2025-07-03',NULL,'AÇÃO INADIMPLENTE DEC. 2025','25150000296723','Antonio Werner'),(830,3,1,731,2,NULL,1,0,0,3629,'2025-07-03 14:09:00','2025-07-03',NULL,'AÇÃO INADIMPLENTE DEC. 2025','25150000296715','Antonio Werner'),(831,3,1,732,2,NULL,1,0,0,3630,'2025-07-04 08:36:00','2025-07-04',NULL,'AÇÃO INADIMPLENTE DEC. 2025','25150000296693','Igo Lobler'),(832,3,1,733,2,NULL,1,0,0,3631,'2025-07-04 10:24:00','2025-07-04',NULL,'AÇÃO INADIMPLENTE DEC. 2025','25150000296685','Antonio Werner'),(833,3,1,734,2,NULL,1,0,0,3632,'2025-07-04 10:55:00','2025-07-04',NULL,'AÇÃO INADIMPLENTE DEC. 2025','25150000296677','Igo Lobler'),(834,3,1,735,1,NULL,1,0,0,3633,'2025-07-04 13:30:00','2025-07-04',NULL,'AÇÃO INADIMPLENTE DEC. 2025','25150000296669','Igo Lobler'),(835,3,1,736,2,NULL,1,0,0,3634,'2025-07-04 15:50:00','2025-07-04',NULL,'AÇÃO INADIMPLENTE DEC. 2025','25150000296650','Antonio Werner'),(836,3,1,737,2,NULL,1,0,0,3635,'2025-07-07 09:50:00','2025-07-07',NULL,'AÇÃO INADIMPLENTE DEC. 2024','25150000300127','Cristiano Silveira'),(837,3,1,738,2,NULL,1,0,0,3636,'2025-07-07 09:51:00',NULL,NULL,'AÇÃO INADIMPLENTE DEC. 2024',NULL,'Antonio Werner'),(838,3,1,739,2,NULL,1,0,0,3637,'2025-07-07 14:17:00','2025-07-07',NULL,'AÇÃO INADIMPLENTE DEC. 2025','25150000300178','Antonio Werner'),(839,3,1,740,2,NULL,1,0,0,3638,'2025-07-07 14:50:00','2025-07-07',NULL,'AÇÃO INADIMPLENTE DEC. 2024','25150000300186','Cristiano Silveira'),(840,3,1,104,2,NULL,1,0,0,3639,'2025-07-09 08:35:00','2025-07-09',NULL,'AÇÃO INADIMPLENTE DEC. 2025','25150000300232','Antonio Werner'),(841,3,1,741,2,NULL,1,0,0,3640,'2025-07-09 14:00:00','2025-07-09',NULL,'AÇÃO INADIMPLENTE DEC. 2025','25150000300321','Cristiano Silveira'),(842,3,1,742,2,NULL,1,0,0,3641,'2025-07-09 14:25:00','2025-07-09',NULL,'AÇÃO INADIMPLENTE DEC. 2025','25150000300348','Cristiano Silveira'),(843,3,1,743,2,NULL,1,0,0,3642,'2025-07-09 15:00:00','2025-07-09',NULL,'AÇÃO INADIMPLENTE DEC. 2025','25150000301468','Cristiano Silveira'),(844,3,1,251,1,NULL,1,0,0,3643,'2025-07-10 13:40:00','2025-07-10',NULL,'AÇÃO INADIMPLENTE DEC. 2025','25150000301379','Cristiano Silveira'),(845,3,3,251,1,NULL,1,0,0,3644,'2025-07-10 13:45:00','2025-07-10',NULL,'AÇÃO INADIMPLENTE DEC. 2025','25150000301425','Cristiano Silveira'),(846,3,1,744,2,NULL,1,0,0,3645,'2025-07-10 14:20:00','2025-07-10',NULL,'AÇÃO INADIMPLENTE DEC. 2020, 2021, 2022, 2023 e 2024 e 2025','25150000301611','Cristiano Silveira'),(847,3,1,447,2,NULL,1,0,0,3646,'2025-07-11 08:30:00','2025-07-11',NULL,'AÇÃO INADIMPLENTE DEC. 2025','25150000301662','Cristiano Silveira'),(848,3,1,745,2,NULL,1,0,0,3647,'2025-07-14 15:30:00','2025-07-14',NULL,'AÇÃO INADIMPLENTE DEC. 2025','25150000300054','Antonio Werner'),(849,3,1,746,2,NULL,1,0,0,3648,'2025-07-14 15:45:00','2025-07-14',NULL,'AÇÃO INADIMPLENTE DEC. 2025','25150000301735','Antonio Werner'),(850,3,1,747,2,NULL,1,0,0,3649,'2025-07-15 10:27:00','2025-07-15',NULL,'AÇÃO INADIMPLENTE DEC. 2025','25150000300046','Antonio Werner'),(851,3,1,116,1,NULL,1,1,0,3650,'2025-07-15 13:50:00','2025-07-15',NULL,'AÇÃO INADIMPLENTE DEC. 2025','25150000301441','Rebeca Dopke'),(852,3,1,339,1,NULL,1,0,0,3651,'2025-07-15 14:05:00','2025-07-15',NULL,'AÇÃO INADIMPLENTE DEC. 2025','25150000301778','Rebeca Dopke'),(853,3,3,450,2,NULL,1,0,0,3652,'2025-07-16 08:13:00','2025-07-16',NULL,NULL,NULL,'Antonio Werner'),(854,3,1,450,2,NULL,1,0,0,3653,'2025-07-16 08:13:00','2025-07-16',NULL,'AÇÃO INADIMPLENTE DEC. 2025',NULL,'Antonio Werner'),(855,3,1,748,2,NULL,1,0,0,3654,'2025-07-16 09:30:00','2025-07-16',NULL,'AÇÃO INADIMPLENTE DEC. 2025',NULL,'Antonio Werner'),(856,3,1,749,2,NULL,1,0,0,3655,'2025-07-16 09:31:00','2025-07-16',NULL,'AÇÃO INADIMPLENTE DEC. 2025',NULL,'Antonio Werner'),(857,3,1,750,2,NULL,1,0,0,3656,'2025-07-16 10:37:00','2025-07-16',NULL,'AÇÃO INADIMPLENTE DEC. 2025',NULL,'Anderson Tasca'),(858,3,1,751,2,NULL,1,0,0,3657,'2025-07-16 10:38:00','2025-07-16',NULL,'AÇÃO INADIMPLENTE DEC. 2025',NULL,'Antonio Werner'),(859,3,1,434,2,NULL,1,0,0,3658,'2025-07-16 15:35:00','2025-07-16',NULL,'AÇÃO INADIMPLENTE DEC. 2025',NULL,'Anderson Tasca'),(860,3,1,752,2,NULL,1,0,0,3659,'2025-07-16 17:04:00',NULL,NULL,'AÇÃO INADIMPLENTE DEC. 2025',NULL,'Antonio Werner'),(861,3,1,753,2,NULL,1,0,0,3660,'2025-07-16 17:05:00',NULL,NULL,'AÇÃO INADIMPLENTE DEC. 2025',NULL,'Antonio Werner'),(862,3,1,754,2,NULL,1,0,0,3661,'2025-07-16 17:06:00',NULL,NULL,'AÇÃO INADIMPLENTE DEC. 2025',NULL,'Antonio Werner'),(863,3,1,755,2,NULL,1,0,0,3662,'2025-07-16 17:07:00',NULL,NULL,'AÇÃO INADIMPLENTE DEC. 2025',NULL,'Antonio Werner'),(864,3,1,545,2,NULL,1,0,0,3663,'2025-07-17 15:55:00','2025-07-17',NULL,'AÇÃO INADIMPLENTE DEC. 2025',NULL,'Anderson Tasca'),(865,3,3,545,2,NULL,1,0,0,3664,'2025-07-17 15:55:00','2025-07-17',NULL,NULL,NULL,'Anderson Tasca'),(866,3,1,756,2,NULL,1,0,0,3665,'2025-07-18 10:51:00',NULL,NULL,'AÇÃO INADIMPLENTE DEC. 2025',NULL,'Antonio Werner'),(867,3,1,757,2,NULL,1,0,0,3666,'2025-07-18 14:40:00','2025-07-18',NULL,'AÇÃO INADIMPLENTE DEC. 2025',NULL,'Antonio Werner'),(868,3,1,758,2,NULL,1,0,0,3667,'2025-07-18 15:56:00','2025-07-18',NULL,'AÇÃO INADIMPLENTE DEC. 2025',NULL,'Antonio Werner'),(869,3,1,759,2,NULL,1,0,0,3668,'2025-07-21 13:22:00',NULL,NULL,'AÇÃO INADIMPLENTE DEC. 2025',NULL,'Antonio Werner'),(870,3,3,760,2,NULL,1,0,0,3669,'2025-07-21 13:22:00','2025-07-21',NULL,'Nº 244179/2024, 178313/2024',NULL,'Antonio Werner'),(871,3,1,760,2,NULL,1,0,0,3670,'2025-07-21 13:23:00','2025-07-21',NULL,'AÇÃO INADIMPLENTE DEC. 2024 e 2025',NULL,'Antonio Werner'),(872,3,2,760,2,NULL,1,0,0,3671,'2025-07-21 13:24:00','2025-07-21',NULL,NULL,NULL,'Antonio Werner'),(873,3,1,761,2,NULL,1,0,0,3672,'2025-07-21 15:47:00',NULL,NULL,NULL,NULL,'Antonio Werner'),(874,3,1,762,2,NULL,1,0,0,3673,'2025-07-22 10:25:00','2025-07-22',NULL,'AÇÃO INADIMPLENTE DEC. 2024',NULL,'Igo Lobler'),(875,3,1,763,2,NULL,1,0,0,3674,'2025-07-22 13:30:00','2025-07-22',NULL,'AÇÃO INADIMPLENTE DEC. 2025',NULL,'Igo Lobler'),(876,3,1,764,2,NULL,1,0,0,3675,'2025-07-23 08:55:00','2025-07-23',NULL,'AÇÃO INADIMPLENTE DEC. 2024 e 2025',NULL,'Anderson Tasca'),(877,3,1,765,2,NULL,1,0,0,3676,'2025-07-23 14:15:00','2025-07-23',NULL,NULL,NULL,'Anderson Tasca'),(878,3,3,765,2,NULL,1,0,0,3677,'2025-07-23 14:15:00','2025-07-23',NULL,NULL,NULL,'Anderson Tasca'),(879,3,1,766,2,NULL,1,0,0,3678,'2025-07-24 09:55:00','2025-07-24',NULL,NULL,NULL,'Anderson Tasca'),(880,3,3,766,2,NULL,1,0,0,3679,'2025-07-24 09:55:00','2025-07-24',NULL,NULL,NULL,'Anderson Tasca'),(881,3,1,61,1,NULL,1,1,0,3680,'2025-07-28 13:30:00','2025-07-28',NULL,'AÇÃO INADIMPLENTE DEC. 2025','25150000301336','Rebeca Dopke'),(882,3,3,767,1,NULL,1,0,0,3681,'2025-07-28 13:44:00','2025-07-28',NULL,NULL,'25150000301301','Anderson Tasca'),(883,3,1,768,1,NULL,1,0,0,3682,'2025-07-28 14:28:00','2025-07-28',NULL,'AÇÃO INADIMPLENTE DEC. 2025','25150000301263','Anderson Tasca'),(884,3,1,769,2,NULL,1,0,0,3683,'2025-07-28 15:22:00','2025-07-28',NULL,'AÇÃO INADIMPLENTE DEC. 2025',NULL,'Anderson Tasca'),(885,3,1,770,2,NULL,1,0,0,3684,'2025-07-28 16:15:00','2025-07-28',NULL,'AÇÃO INADIMPLENTE DEC. 2025',NULL,'Igo Lobler'),(886,3,3,770,2,NULL,1,0,0,3685,'2025-07-28 16:15:00','2025-07-28',NULL,NULL,NULL,'Igo Lobler'),(887,3,10,771,2,NULL,1,0,0,3686,'2025-07-29 16:15:00',NULL,NULL,NULL,NULL,'Antonio Werner'),(888,3,1,772,2,NULL,1,0,0,3687,'2025-07-29 16:15:00','2025-07-29',NULL,'AÇÃO INADIMPLENTE DEC. 2025',NULL,'Igo Lobler'),(889,3,1,773,2,NULL,0,0,0,3688,'2025-07-29 16:30:00','2025-07-29',NULL,NULL,NULL,'Igo Lobler'),(890,3,1,774,2,NULL,1,0,0,3689,'2025-07-30 11:30:00','2025-07-30',NULL,NULL,NULL,'Anderson Tasca'),(891,3,1,523,2,NULL,1,0,0,3690,'2025-07-30 13:30:00','2025-07-30',NULL,'AÇÃO INADIMPLENTE DEC. 2025',NULL,'Igo Lobler'),(892,3,1,775,2,NULL,1,0,0,3691,'2025-07-31 14:08:00',NULL,NULL,'AÇÃO INADIMPLENTE DEC. 2025',NULL,'Antonio Werner'),(893,3,1,776,2,NULL,1,0,0,3692,'2025-07-31 14:09:00',NULL,NULL,'AÇÃO INADIMPLENTE DEC. 2025',NULL,'Antonio Werner'),(894,3,1,150,2,NULL,1,0,0,3693,'2025-07-31 14:10:00',NULL,NULL,'AÇÃO INADIMPLENTE DEC. 2025',NULL,'Antonio Werner'),(895,3,1,777,2,NULL,1,0,0,3694,'2025-07-31 14:11:00',NULL,NULL,'AÇÃO INADIMPLENTE DEC. 2025',NULL,'Antonio Werner'),(896,3,1,778,2,NULL,1,0,0,3695,'2025-07-31 14:12:00',NULL,NULL,'AÇÃO INADIMPLENTE DEC. 2025',NULL,'Antonio Werner'),(897,3,1,779,2,NULL,1,0,0,3696,'2025-07-31 14:13:00',NULL,NULL,'AÇÃO INADIMPLENTE DEC. 2025',NULL,'Antonio Werner'),(898,3,1,780,2,NULL,1,0,0,3697,'2025-07-31 14:13:00','2025-07-31',NULL,'AÇÃO INADIMPLENTE DEC. 2025',NULL,'Anderson Tasca'),(899,3,1,401,2,NULL,1,0,0,3698,'2025-07-31 14:15:00','2025-07-31',NULL,'AÇÃO INADIMPLENTE DEC. 2025',NULL,'Igo Lobler'),(900,3,3,401,2,NULL,1,0,0,3699,'2025-07-31 14:15:00','2025-07-31',NULL,NULL,NULL,'Igo Lobler'),(901,3,1,781,2,NULL,1,0,0,3700,'2025-07-31 16:40:00','2025-07-31',NULL,NULL,NULL,'Anderson Tasca'),(902,3,1,782,2,NULL,1,0,0,3701,'2025-07-31 16:41:00','2025-07-31',NULL,'AÇÃO INADIMPLENTE DEC 2023',NULL,'Igo Lobler'),(903,3,1,783,2,NULL,1,0,0,3702,'2025-08-01 13:30:00',NULL,NULL,'AÇÃO INADIMPLENTE DEC. 2025',NULL,'Antonio Werner'),(904,3,1,784,2,NULL,1,0,0,3703,'2025-08-01 13:30:00',NULL,NULL,'AÇÃO INADIMPLENTE DEC. 2025',NULL,'Antonio Werner'),(905,3,3,785,2,NULL,1,0,0,3704,'2025-08-01 14:01:00','2025-08-01',NULL,NULL,NULL,'Anderson Tasca'),(906,3,1,785,2,NULL,1,0,0,3705,'2025-08-01 14:00:00','2025-08-01',NULL,'AÇÃO INADIMPLENTE DEC. 2025',NULL,'Igo Lobler'),(907,3,3,786,1,NULL,1,0,0,3706,'2025-08-04 14:55:00','2025-08-04',NULL,NULL,'25150000300593','Anderson Tasca'),(908,3,1,787,3,NULL,1,0,0,3707,'2025-08-05 09:25:00','2025-08-05',NULL,'AÇÃO INADIMPLENTE DEC. 2025','25150000301158','Igo Lobler'),(909,3,1,77,1,NULL,1,0,0,3708,'2025-08-05 13:50:00',NULL,NULL,'AÇÃO INADIMPLENTE DEC. 2024 2025',NULL,'Rebeca Dopke'),(910,3,1,788,3,NULL,1,0,0,3709,'2025-08-06 08:41:00','2025-08-06',NULL,'AÇÃO INADIMPLENTE DEC. 2025','25150000301183','Anderson Tasca'),(911,3,1,789,1,NULL,1,0,0,3710,'2025-08-06 10:20:00','2025-08-11',NULL,'AÇÃO INADIMPLENTE DEC. 2025','25150000318492','Rebeca Dopke'),(912,3,13,790,1,NULL,0,0,0,3711,'2025-08-06 15:00:00',NULL,NULL,'Notificação de trânsito SIE 139','25150000247420','Rebeca Dopke'),(913,3,1,791,3,NULL,1,0,0,3712,'2025-08-06 15:40:00','2025-08-06',NULL,'AÇÃO INADIMPLENTE DEC. 2025','25150000301212','Igo Lobler'),(914,3,3,792,1,NULL,1,0,0,3713,'2025-08-07 08:50:00','2025-08-07',NULL,NULL,'25150000301239','Igo Lobler'),(915,3,1,793,3,NULL,1,0,0,3714,'2025-08-07 09:00:00','2025-08-07',NULL,'AÇÃO INADIMPLENTE DEC. 2025','25150000300461','Anderson Tasca'),(916,3,3,793,3,NULL,1,0,0,3715,'2025-08-07 09:00:00','2025-08-07',NULL,NULL,'25150000300488','Anderson Tasca'),(917,3,1,794,3,NULL,1,0,0,3716,'2025-08-07 11:00:00','2025-08-07',NULL,'AÇÃO INADIMPLENTE DEC. 2025',NULL,'Anderson Tasca'),(918,3,1,795,3,NULL,1,0,0,3717,'2025-08-08 14:00:00','2025-08-08',NULL,'AÇÃO INADIMPLENTE DEC. 2025','25150000300445','Igo Lobler'),(919,3,13,796,3,NULL,0,0,0,3718,'2025-08-08 14:15:00',NULL,NULL,'Div. sexo Boi Gaúcho - erro inspetoria',NULL,'João Juliano Pinheiro'),(920,3,13,797,1,NULL,0,0,0,3719,'2025-08-08 15:00:00',NULL,NULL,'Notificação de trânsito - SIE 137','25150000251606','Rebeca Dopke'),(921,3,1,798,3,NULL,1,0,0,3720,'2025-08-11 09:55:00','2025-08-11',NULL,'AÇÃO INADIMPLENTE DEC. 2024 E 2025','25150000300399','Anderson Tasca'),(922,3,1,799,2,NULL,1,0,0,3721,'2025-08-11 14:10:00','2025-08-11',NULL,'AÇÃO INADIMPLENTE DEC. 2025',NULL,'Igo Lobler'),(923,3,13,800,2,NULL,0,0,0,3722,'2025-08-11 14:22:00',NULL,NULL,NULL,NULL,'Antonio Werner'),(924,3,12,801,3,NULL,0,0,1,3723,'2025-08-12 10:00:00','2025-09-05',NULL,NULL,'25150000288712','João Juliano Pinheiro'),(925,3,13,802,3,NULL,0,0,0,3724,'2025-08-12 10:00:00',NULL,NULL,NULL,NULL,'João Juliano Pinheiro'),(926,3,1,803,2,NULL,1,0,0,3725,'2025-08-12 14:24:00',NULL,NULL,'AÇÃO INADIMPLENTE DEC. 2025',NULL,'Antonio Werner'),(927,3,1,761,2,NULL,1,0,0,3726,'2025-08-12 14:25:00',NULL,NULL,'AÇÃO INADIMPLENTE DEC. 2025',NULL,'Antonio Werner'),(928,3,1,804,2,NULL,1,0,0,3727,'2025-08-12 14:26:00',NULL,NULL,'AÇÃO INADIMPLENTE DEC. 2025',NULL,'Antonio Werner'),(929,3,3,805,2,NULL,1,0,0,3728,'2025-08-13 15:25:00','2025-08-13',NULL,NULL,NULL,'Anderson Tasca'),(930,3,1,806,2,NULL,1,1,0,3729,'2025-08-13 16:20:00','2025-08-13',NULL,'AÇÃO INADIMPLENTE DEC. 2025',NULL,'Anderson Tasca'),(931,3,1,330,2,NULL,1,0,0,3730,'2025-08-13 16:40:00','2025-08-13',NULL,'AÇÃO INADIMPLENTE DEC. 2025',NULL,'Igo Lobler'),(932,3,3,330,2,NULL,1,0,0,3731,'2025-08-13 16:40:00','2025-08-13',NULL,NULL,NULL,'Igo Lobler'),(933,3,1,807,2,NULL,1,0,0,3732,'2025-08-13 16:50:00','2025-08-13',NULL,'AÇÃO INADIMPLENTE DEC. 2024 E 2025',NULL,'Anderson Tasca'),(934,3,1,808,2,NULL,1,0,0,3733,'2025-08-14 14:30:00','2025-08-14',NULL,'AÇÃO INADIMPLENTE DEC. 2025',NULL,'Anderson Tasca'),(935,3,1,809,2,NULL,1,0,0,3734,'2025-08-14 14:49:00','2025-08-14',NULL,'AÇÃO INADIMPLENTE DEC. 2023',NULL,'Antonio Werner'),(936,3,1,810,2,NULL,1,0,0,3735,'2025-08-15 08:37:00',NULL,NULL,'AÇÃO INADIMPLENTE DEC. 2025',NULL,'Antonio Werner'),(937,3,1,498,2,NULL,1,0,0,3736,'2025-08-15 08:38:00',NULL,NULL,'AÇÃO INADIMPLENTE DEC. 2025',NULL,'Antonio Werner'),(938,3,1,811,2,NULL,1,0,0,3737,'2025-08-15 08:39:00',NULL,NULL,'AÇÃO INADIMPLENTE DEC. 2025',NULL,'Antonio Werner'),(939,3,1,120,2,NULL,1,0,0,3738,'2025-08-15 16:40:00','2025-08-15',NULL,'AÇÃO INADIMPLENTE DEC. 2025',NULL,'Anderson Tasca'),(940,3,3,680,2,NULL,1,0,0,3739,'2025-08-18 09:50:00','2025-08-18',NULL,NULL,NULL,'Anderson Tasca'),(941,3,1,366,2,NULL,1,0,0,3740,'2025-08-18 10:33:00','2025-08-18',NULL,'AÇÃO INADIMPLENTE DEC. 2025',NULL,'Igo Lobler'),(942,3,1,812,2,NULL,1,0,0,3741,'2025-08-18 13:45:00','2025-08-18',NULL,'AÇÃO INADIMPLENTE DEC. 2025',NULL,'Igo Lobler'),(943,3,3,812,2,NULL,1,0,0,3742,'2025-08-18 13:47:00','2025-08-18',NULL,NULL,NULL,'Igo Lobler'),(944,3,13,813,1,NULL,0,1,0,3743,'2025-08-19 11:05:00',NULL,NULL,'Notificação de Trânsito SIE 137','25150000267090','Rebeca Dopke'),(945,3,13,814,1,NULL,0,0,1,3744,'2025-08-19 13:00:00','2025-09-01',NULL,NULL,'25150000280800','Antonio Werner'),(946,3,12,815,1,NULL,0,0,0,3745,'2025-08-19 13:00:00',NULL,NULL,NULL,NULL,'Rebeca Dopke'),(947,3,12,816,1,NULL,0,0,0,3746,'2025-08-19 13:00:00',NULL,NULL,NULL,NULL,'Rebeca Dopke'),(948,3,12,817,1,NULL,0,0,0,3747,'2025-08-19 13:00:00','2025-10-01',NULL,NULL,'25150000320870','Rebeca Dopke'),(949,3,1,47,2,NULL,1,0,0,3748,'2025-08-20 17:05:00','2025-08-20',NULL,'AÇÃO INADIMPLENTE DEC. 2025',NULL,'Igo Lobler'),(950,3,12,818,2,NULL,0,0,1,3749,'2025-08-20 17:30:00',NULL,NULL,NULL,NULL,'Antonio Werner'),(951,3,2,818,2,NULL,1,0,0,3750,'2025-08-20 17:30:00',NULL,NULL,NULL,NULL,'Antonio Werner'),(952,3,1,115,2,NULL,1,0,0,3751,'2025-08-21 15:20:00','2025-08-21',NULL,'AÇÃO INADIMPLENTE DEC. 2025',NULL,'Igo Lobler'),(953,3,3,115,2,NULL,1,0,0,3752,'2025-08-21 15:20:00','2025-08-21',NULL,NULL,NULL,'Igo Lobler'),(954,3,1,819,2,NULL,1,0,0,3753,'2025-08-22 09:20:00','2025-08-22',NULL,'AÇÃO INADIMPLENTE DEC. 2024 E 2025',NULL,'Anderson Tasca'),(955,3,1,820,2,NULL,1,0,0,3754,'2025-08-22 10:42:00',NULL,NULL,'AÇÃO INADIMPLENTE DEC. 2024 E 2025',NULL,'Antonio Werner'),(956,3,1,821,2,NULL,1,0,0,3755,'2025-08-22 10:43:00',NULL,NULL,'AÇÃO INADIMPLENTE DEC. 2024 E 2025',NULL,'Antonio Werner'),(957,3,3,821,2,NULL,1,0,0,3756,'2025-08-22 10:43:00',NULL,NULL,NULL,NULL,'Antonio Werner'),(958,3,1,822,2,NULL,1,0,0,3757,'2025-08-22 17:00:00','2025-08-22',NULL,'AÇÃO INADIMPLENTE DEC. 2024 E 2025',NULL,'Anderson Tasca'),(959,3,1,823,2,NULL,1,0,0,3758,'2025-08-25 08:40:00','2025-08-25',NULL,'AÇÃO INADIMPLENTE DEC. 2024 E 2025',NULL,'Igo Lobler'),(960,3,1,824,2,NULL,1,0,0,3759,'2025-08-25 11:18:00',NULL,NULL,'AÇÃO INADIMPLENTE DEC. 2024 E 2025',NULL,'Antonio Werner'),(961,3,1,825,2,NULL,1,0,0,3760,'2025-08-27 10:25:00','2025-08-27',NULL,'AÇÃO INADIMPLENTE DEC. 2024 E 2025',NULL,'Igo Lobler'),(962,3,1,377,2,NULL,1,0,0,3761,'2025-08-27 16:52:00',NULL,NULL,'AÇÃO INADIMPLENTE DEC. 2025',NULL,'Antonio Werner'),(963,3,1,826,2,NULL,1,1,0,3762,'2025-08-27 17:30:00','2025-08-27',NULL,'AÇÃO INADIMPLENTE DEC. 2025',NULL,'Igo Lobler'),(964,3,3,826,2,NULL,1,0,0,3763,'2025-08-27 17:30:00','2025-08-27',NULL,NULL,NULL,'Igo Lobler'),(965,3,1,173,NULL,NULL,1,0,0,3764,'2025-08-28 10:46:00','2025-08-28',NULL,'AÇÃO INADIMPLENTE DEC. 2025',NULL,'Giovana Rosa da Costa'),(966,3,3,173,2,NULL,1,0,0,3765,'2025-08-28 10:47:00',NULL,NULL,NULL,NULL,'Antonio Werner'),(967,3,1,55,2,NULL,1,0,0,3766,'2025-08-28 11:28:00','2025-08-28',NULL,'AÇÃO INADIMPLENTE DEC. 2024',NULL,'Anderson Tasca'),(968,3,1,827,2,NULL,1,0,0,3767,'2025-08-28 15:33:00','2025-08-28',NULL,'AÇÃO INADIMPLENTE DEC. 2025',NULL,'Anderson Tasca'),(969,3,3,828,2,NULL,1,0,0,3768,'2025-08-28 15:40:00','2025-08-28',NULL,NULL,NULL,'Igo Lobler'),(970,3,1,829,2,NULL,1,0,0,3769,'2025-09-29 12:41:00',NULL,NULL,'AÇÃO INADIMPLENTE DEC. 2025',NULL,'Antonio Werner'),(971,3,1,830,2,NULL,1,0,0,3770,'2025-09-29 12:42:00',NULL,NULL,'AÇÃO INADIMPLENTE DEC. 2024 E 2025',NULL,'Antonio Werner'),(972,3,1,415,2,NULL,1,0,0,3771,'2025-08-29 17:06:00','2025-08-29',NULL,'AÇÃO INADIMPLENTE DEC. 2022, 2023, 2024 e 2025',NULL,'Igo Lobler'),(973,3,1,831,2,NULL,1,0,0,3772,'2025-09-01 14:45:00','2025-09-01',NULL,'AÇÃO INADIMPLENTE DEC. 2024 E 2025',NULL,'Igo Lobler'),(974,3,3,832,2,NULL,1,0,0,3773,'2025-09-01 14:58:00','2025-09-01',NULL,NULL,NULL,'Igo Lobler'),(975,3,1,579,2,NULL,1,0,0,3774,'2025-09-02 13:41:00','2025-09-02',NULL,'AÇÃO INADIMPLENTE DEC. 2024 E 2025',NULL,'Igo Lobler'),(976,3,1,472,2,NULL,1,0,0,3775,'2025-09-02 13:42:00',NULL,NULL,'AÇÃO INADIMPLENTE DEC. 2025',NULL,'Antonio Werner'),(977,3,1,833,2,NULL,1,0,0,3776,'2025-09-02 15:25:00','2025-09-02',NULL,'AÇÃO INADIMPLENTE DEC. 2025',NULL,'Igo Lobler'),(978,3,1,834,2,NULL,1,0,0,3777,'2025-09-02 15:47:00','2025-09-02',NULL,'AÇÃO INADIMPLENTE DEC. 2025',NULL,'Igo Lobler'),(979,3,1,417,2,NULL,1,0,0,3778,'2025-09-04 08:18:00','2025-09-04',NULL,'AÇÃO INADIMPLENTE DEC. 2025',NULL,'Igo Lobler'),(980,3,2,835,2,NULL,1,0,0,3779,'2025-09-04 08:26:00','2025-09-04',NULL,NULL,NULL,'Antonio Werner'),(981,3,1,836,2,NULL,1,0,0,3780,'2025-09-04 09:51:00',NULL,NULL,'AÇÃO INADIMPLENTE DEC. 2025',NULL,'Antonio Werner'),(982,3,1,837,2,NULL,1,0,0,3781,'2025-09-04 15:08:00',NULL,NULL,'AÇÃO INADIMPLENTE DEC. 2025',NULL,'Antonio Werner'),(983,3,1,838,2,NULL,1,0,0,3782,'2025-09-05 09:40:00',NULL,NULL,'AÇÃO INADIMPLENTE DEC. 2024 E 2025',NULL,'Antonio Werner'),(984,3,1,839,2,NULL,1,0,0,3783,'2025-09-05 09:41:00',NULL,NULL,'AÇÃO INADIMPLENTE DEC. 2025',NULL,'Antonio Werner'),(985,3,3,24,2,NULL,1,0,0,3784,'2025-09-05 10:15:00','2025-09-05',NULL,NULL,NULL,'Igo Lobler'),(986,3,1,166,2,NULL,1,0,0,3785,'2025-09-05 11:00:00',NULL,NULL,'AÇÃO INADIMPLENTE DEC. 2025',NULL,'Antonio Werner'),(987,3,1,840,2,NULL,1,0,0,3786,'2025-09-05 11:01:00',NULL,NULL,'AÇÃO INADIMPLENTE DEC. 2025',NULL,'Antonio Werner'),(988,3,3,841,2,NULL,1,0,0,3787,'2025-09-05 16:04:00','2025-09-05',NULL,NULL,NULL,'Igo Lobler'),(989,3,1,842,2,NULL,1,0,0,3788,'2025-09-08 14:31:00',NULL,NULL,'AÇÃO INADIMPLENTE DEC. 2025',NULL,'Antonio Werner'),(990,3,3,419,2,NULL,1,0,0,3789,'2025-09-08 15:52:00','2025-09-08',NULL,NULL,NULL,'Anderson Tasca'),(991,3,1,843,2,NULL,1,0,0,3790,'2025-09-08 16:13:00',NULL,NULL,'AÇÃO INADIMPLENTE DEC. 2024 E 2025',NULL,'Antonio Werner'),(992,3,7,844,2,NULL,1,0,0,3792,'2025-09-09 10:00:00','2025-09-09',NULL,NULL,NULL,'Antonio Werner'),(993,3,12,844,2,NULL,0,0,1,3793,'2025-09-09 09:59:00','2025-09-09',NULL,NULL,NULL,'Antonio Werner'),(994,3,1,845,2,NULL,1,0,0,3794,'2025-09-10 11:34:00',NULL,NULL,'AÇÃO INADIMPLENTE DEC. 2025',NULL,'Antonio Werner'),(995,3,1,846,2,NULL,1,0,0,3795,'2025-09-11 09:13:00','2025-09-11',NULL,'AÇÃO INADIMPLENTE DEC. 2024 E 2025',NULL,'Igo Lobler'),(996,3,1,847,2,NULL,1,0,0,3796,'2025-09-11 11:11:00','2025-09-11',NULL,'AÇÃO INADIMPLENTE DEC. 2022, 2023, 2024 E 2025',NULL,'Igo Lobler'),(997,3,1,848,2,NULL,1,0,0,3797,'2025-09-11 13:47:00','2025-09-11',NULL,'AÇÃO INADIMPLENTE DEC. 2025',NULL,'Antonio Werner'),(998,3,1,849,2,NULL,1,0,0,3798,'2025-09-12 09:30:00','2025-09-12',NULL,'AÇÃO INADIMPLENTE DEC. 2025',NULL,'Anderson Tasca'),(999,3,12,850,3,NULL,0,0,0,3799,'2025-09-12 13:45:00',NULL,NULL,'Recebeu 2 bovinos sem guia',NULL,'João Juliano Pinheiro'),(1000,3,10,851,1,NULL,1,0,0,3800,'2025-09-12 10:00:00','2025-09-19',NULL,NULL,'25150000316309','Rebeca Dopke'),(1001,3,1,852,2,NULL,1,0,0,3801,'2025-09-15 08:43:00',NULL,NULL,'AÇÃO INADIMPLENTE DEC. 2025',NULL,'Antonio Werner'),(1002,3,1,133,2,NULL,1,0,0,3802,'2025-09-15 08:55:00','2025-09-15',NULL,'AÇÃO INADIMPLENTE DEC. 2025',NULL,'Igo Lobler'),(1003,3,1,853,2,NULL,1,0,0,3803,'2025-09-16 08:33:00',NULL,NULL,'AÇÃO INADIMPLENTE DEC. 2025',NULL,'Antonio Werner'),(1004,3,13,854,3,NULL,0,0,1,3804,'2025-09-16 09:20:00','2025-09-22',NULL,'Div. sexo e idade, SIE  952','25150000305501','João Juliano Pinheiro'),(1005,3,13,855,3,NULL,0,0,1,3805,'2025-09-16 09:50:00','2025-10-06',NULL,'Div. sexo e idade, SIE  952','25150000324417','João Juliano Pinheiro'),(1006,3,12,88,3,NULL,0,0,1,3806,'2025-09-16 16:30:00','2025-09-29',NULL,NULL,'25150000316660','João Juliano Pinheiro'),(1007,3,1,88,1,NULL,1,0,0,3807,'2025-09-16 16:30:00','2025-09-29',NULL,NULL,'25150000341460','Rebeca Dopke'),(1008,3,3,88,1,NULL,1,0,0,3808,'2025-09-16 16:30:00','2025-09-29',NULL,'GTA RS AA-939802        ','25150000341486','Rebeca Dopke'),(1009,3,1,856,2,NULL,1,0,0,3809,'2025-09-17 14:00:00','2025-09-17',NULL,'AÇÃO INADIMPLENTE DEC. 2025',NULL,'Igo Lobler'),(1010,3,1,857,2,NULL,1,0,0,3810,'2025-09-17 15:30:00','2025-09-17',NULL,'AÇÃO INADIMPLENTE DEC. 2025',NULL,'Igo Lobler'),(1011,3,12,858,1,NULL,0,0,1,3811,'2025-09-17 15:30:00','2025-09-23',NULL,NULL,'25150000306540','Rebeca Dopke'),(1012,3,3,809,2,NULL,1,0,0,3812,'2025-09-17 17:20:00','2025-09-17',NULL,NULL,NULL,'Anderson Tasca'),(1013,3,13,470,1,NULL,0,0,0,3813,'2025-09-18 08:30:00',NULL,NULL,'Notificação de Trânsito SIE 137','25150000300470','Rebeca Dopke'),(1014,3,13,859,2,NULL,0,0,0,3814,'2025-09-19 11:00:00',NULL,NULL,'2ª CAVALGADA DA INDEPENDÊNCIA DE PASSO DO SOBRADO',NULL,'Antonio Werner'),(1015,3,13,860,2,NULL,0,0,0,3815,'2025-09-19 11:01:00',NULL,NULL,'2ª CAVALGADA DA INDEPENDÊNCIA DE PASSO DO SOBRADO',NULL,'Antonio Werner'),(1016,3,13,861,NULL,NULL,0,0,0,3816,'2025-09-19 11:02:00',NULL,NULL,'2ª CAVALGADA DA INDEPENDÊNCIA DE PASSO DO SOBRADO',NULL,NULL),(1017,3,13,862,NULL,NULL,0,0,0,3817,'2025-09-19 11:03:00',NULL,NULL,'2ª CAVALGADA DA INDEPENDÊNCIA DE PASSO DO SOBRADO',NULL,NULL),(1018,3,13,863,NULL,NULL,0,0,0,3818,'2025-09-19 11:04:00',NULL,NULL,'2ª CAVALGADA DA INDEPENDÊNCIA DE PASSO DO SOBRADO',NULL,NULL),(1019,3,13,864,NULL,NULL,0,0,0,3819,'2025-09-19 11:05:00',NULL,NULL,'2ª CAVALGADA DA INDEPENDÊNCIA DE PASSO DO SOBRADO',NULL,NULL),(1020,3,13,865,NULL,NULL,0,0,0,3820,'2025-09-19 11:06:00',NULL,NULL,'2ª CAVALGADA DA INDEPENDÊNCIA DE PASSO DO SOBRADO',NULL,NULL),(1021,3,13,866,NULL,NULL,0,0,0,3821,'2025-09-19 11:07:00',NULL,NULL,'2ª CAVALGADA DA INDEPENDÊNCIA DE PASSO DO SOBRADO',NULL,NULL),(1022,3,13,867,NULL,NULL,0,0,0,3822,'2025-09-19 11:08:00',NULL,NULL,'2ª CAVALGADA DA INDEPENDÊNCIA DE PASSO DO SOBRADO',NULL,NULL),(1023,3,13,868,NULL,NULL,0,0,0,3823,'2025-09-19 11:09:00',NULL,NULL,'2ª CAVALGADA DA INDEPENDÊNCIA DE PASSO DO SOBRADO',NULL,NULL),(1024,3,13,869,NULL,NULL,0,0,0,3824,'2025-09-19 11:10:00',NULL,NULL,'2ª CAVALGADA DA INDEPENDÊNCIA DE PASSO DO SOBRADO',NULL,NULL),(1025,3,13,842,NULL,NULL,0,0,0,3825,'2025-09-19 11:11:00',NULL,NULL,'2ª CAVALGADA DA INDEPENDÊNCIA DE PASSO DO SOBRADO',NULL,NULL),(1026,3,1,870,2,NULL,1,0,0,3826,'2025-09-19 13:56:00','2025-09-19',NULL,'AÇÃO INADIMPLENTE DEC. 2023, 2024 e 2025',NULL,'Igo Lobler'),(1027,3,3,870,2,NULL,1,0,0,3827,'2025-09-19 13:56:00','2025-09-19',NULL,NULL,NULL,'Igo Lobler'),(1028,3,13,871,NULL,NULL,0,0,0,3828,'2025-09-19 14:00:00',NULL,NULL,'2ª CAVALGADA DA INDEPENDÊNCIA DE PASSO DO SOBRADO',NULL,NULL),(1029,3,13,872,NULL,NULL,0,0,0,3829,'2025-09-19 14:01:00',NULL,NULL,'2ª CAVALGADA DA INDEPENDÊNCIA DE PASSO DO SOBRADO',NULL,NULL),(1030,3,1,873,2,NULL,1,0,0,3830,'2025-09-19 15:35:00','2025-09-19',NULL,NULL,NULL,'Anderson Tasca'),(1031,3,3,873,2,NULL,1,0,0,3831,'2025-09-19 15:35:00','2025-09-19',NULL,NULL,NULL,'Anderson Tasca'),(1032,3,1,554,2,NULL,1,0,0,3832,'2025-09-19 16:51:00','2025-09-19',NULL,'AÇÃO INADIMPLENTE DEC. 2025',NULL,'Igo Lobler'),(1033,3,3,554,2,NULL,1,0,0,3833,'2025-09-19 16:51:00','2025-09-19',NULL,NULL,NULL,'Igo Lobler'),(1034,3,1,874,2,NULL,1,0,0,3834,'2025-09-22 11:00:00','2025-09-22',NULL,'AÇÃO INADIMPLENTE DEC. 2025',NULL,'Igo Lobler'),(1035,3,1,875,2,NULL,1,0,0,3835,'2025-09-24 08:20:00','2025-09-24',NULL,'AÇÃO INADIMPLENTE DEC. 2025',NULL,'Igo Lobler'),(1036,3,1,876,3,NULL,1,1,0,3836,'2025-09-25 08:40:00','2025-09-25',NULL,'AÇÃO INADIMPLENTE DEC. 2025',NULL,'Igo Lobler'),(1037,3,3,877,3,NULL,1,0,0,3837,'2025-09-25 13:58:00','2025-09-25',NULL,NULL,NULL,'Igo Lobler'),(1038,3,1,878,2,NULL,1,0,0,3838,'2025-09-25 15:15:00','2025-09-25',NULL,'AÇÃO INADIMPLENTE DEC. 2025',NULL,'Igo Lobler'),(1039,3,1,879,2,NULL,1,0,0,3839,'2025-09-29 08:40:00','2025-09-29',NULL,'AÇÃO INADIMPLENTE DEC. 2025',NULL,'Igo Lobler'),(1040,3,1,96,2,NULL,1,0,0,3840,'2025-09-29 10:00:00','2025-09-29',NULL,'AÇÃO INADIMPLENTE DEC. 2025',NULL,'Igo Lobler'),(1041,3,1,101,NULL,NULL,1,0,0,3841,'2025-09-29 13:43:00',NULL,NULL,NULL,NULL,NULL),(1042,3,1,880,NULL,NULL,1,0,0,3842,'2025-09-29 13:44:00',NULL,NULL,NULL,NULL,NULL),(1043,3,13,881,3,NULL,0,0,0,3843,'2025-09-30 09:00:00',NULL,NULL,'SIE 952',NULL,'João Juliano Pinheiro'),(1044,3,12,882,3,NULL,0,1,0,3844,'2025-09-30 09:00:00',NULL,NULL,'SIE 952',NULL,'João Juliano Pinheiro'),(1045,3,1,883,1,NULL,1,0,0,3845,'2025-09-30 11:00:00','2025-09-30',NULL,'AÇÃO INADIMPLENTE DEC. 2025','25150000341508','Igo Lobler'),(1046,3,1,884,2,NULL,1,0,0,3846,'2025-09-30 15:12:00',NULL,NULL,'AÇÃO INADIMPLENTE DEC. 2025',NULL,'Antonio Werner'),(1047,3,2,885,2,NULL,1,0,0,3847,'2025-09-30 15:34:00','2025-09-30',NULL,'AÇÃO INADIMPLENTE DEC. 2025',NULL,'Igo Lobler'),(1048,3,1,886,2,NULL,1,0,0,3848,'2025-09-30 15:49:00',NULL,NULL,'AÇÃO INADIMPLENTE DEC. 2025',NULL,'Antonio Werner'),(1049,3,9,887,1,NULL,1,0,0,3849,'2025-09-30 16:00:00',NULL,NULL,NULL,NULL,'Rebeca Dopke'),(1050,3,1,888,3,NULL,1,0,0,3850,'2025-10-01 09:16:00','2025-10-01',NULL,'AÇÃO INADIMPLENTE DEC. 2025',NULL,'Igo Lobler'),(1051,3,12,889,3,NULL,0,0,1,3851,'2025-10-06 13:40:00','2025-10-06',NULL,NULL,'25150000324360','João Juliano Pinheiro'),(1052,3,3,890,3,NULL,1,0,0,3852,'2025-10-06 14:40:00',NULL,NULL,'GTA AC-465359',NULL,'João Juliano Pinheiro'),(1053,3,1,891,2,NULL,1,0,0,3853,'2025-10-07 16:00:00','2025-10-07',NULL,'AÇÃO INADIMPLENTE DEC. 2025',NULL,'Igo Lobler'),(1054,3,1,892,2,NULL,1,0,0,3854,'2025-10-09 10:45:00','2025-10-09',NULL,'AÇÃO INADIMPLENTE DEC. 2025',NULL,'Igo Lobler'),(1055,3,3,403,2,NULL,1,0,0,3857,'2025-10-13 14:50:00','2025-10-13',NULL,NULL,NULL,'Igo Lobler'),(1056,3,1,894,2,NULL,1,0,0,3858,'2025-10-14 13:49:00',NULL,NULL,'AÇÃO INADIMPLENTE DEC. 2025',NULL,'Antonio Werner'),(1057,3,12,514,3,NULL,0,0,0,3859,'2025-10-15 08:15:00',NULL,NULL,'Enviou ovinos para SIRLENE MARIA REITER NYELAND',NULL,'João Juliano Pinheiro'),(1058,3,1,895,2,NULL,1,0,0,3860,'2025-10-15 15:47:00','2025-10-15',NULL,'AÇÃO INADIMPLENTE DEC. 2025',NULL,'Antonio Werner'),(1059,3,1,896,2,NULL,1,0,0,3861,'2025-10-16 15:05:00',NULL,NULL,'AÇÃO INADIMPLENTE DEC. 2025',NULL,'Antonio Werner'),(1060,3,13,897,2,NULL,0,0,0,3862,'2025-10-17 09:13:00','2025-10-17',NULL,NULL,NULL,'Igo Lobler'),(1061,3,1,898,NULL,NULL,1,0,0,3863,'2025-10-17 15:08:00',NULL,NULL,'AÇÃO INADIMPLENTE DEC. 2020, 2021, 2022, 2023, 2024 e 2025',NULL,NULL),(1062,3,1,899,2,NULL,1,0,0,3864,'2025-10-20 15:30:00','2025-10-20',NULL,'AÇÃO INADIMPLENTE DEC. 2020, 2021, 2022, 2023, 2024 e 2025',NULL,'Igo Lobler'),(1063,3,13,900,2,NULL,0,0,1,3865,'2025-10-21 08:00:00',NULL,NULL,NULL,NULL,'Igo Lobler'),(1064,3,13,901,2,NULL,0,0,1,3866,'2025-10-21 08:00:00',NULL,NULL,NULL,NULL,'Igo Lobler'),(1065,3,1,902,3,NULL,1,0,0,3867,'2025-10-22 15:30:00','2025-10-22','','AÇÃO INADIMPLENTE DEC. 2025','','João Juliano Pinheiro'),(1066,3,1,903,2,'',1,0,0,3868,'2025-10-24 11:23:00','2025-10-24','','AÇÃO INADIMPLENTE DEC. 2025','','Igo Antonio Lobler'),(1067,3,1,904,2,'',1,0,0,3869,'2025-10-28 16:25:00',NULL,'','AÇÃO INADIMPLENTE DEC. 2025','','Antonio Borges Werner'),(1068,9,1,907,3,'',1,0,0,155,'2023-11-20 15:19:00','2023-11-20','','','25150000357064','Eliane Schulz'),(1069,9,1,908,3,'',1,0,0,154,'2023-11-17 16:00:00','2023-11-17','','','25150000357447','Eliane Schulz'),(1071,3,1,909,NULL,'',1,0,0,3870,'2025-10-29 14:00:00','2025-10-29','','','','Cristiano Silveira'),(1072,3,12,910,3,'',0,0,0,3871,'2025-10-30 10:45:00','2025-10-30','','','25150000356360','João Juliano Pinheiro'),(1073,9,1,911,3,'',1,0,0,153,'2023-11-14 10:30:00','2023-11-14','','','25150000357560','Eliane Schulz'),(1074,9,1,912,3,'',1,0,0,152,'2023-10-31 10:11:00','2023-10-31','','','25150000357641','Eliane Schulz'),(1075,9,1,913,3,'',1,0,0,151,'2023-10-23 11:00:00','2023-10-23','','','25150000358338','Eliane Schulz'),(1076,9,1,914,3,'',1,0,0,149,'2023-10-19 08:00:00','2023-10-19','','','25150000359091','Eliane Schulz'),(1077,9,1,915,3,'',1,0,0,148,'2023-10-18 15:00:00','2023-10-18','','','25150000359377','Eliane Schulz'),(1078,9,1,916,3,'',1,0,0,147,'2023-10-10 09:00:00','2023-10-10','','','25150000359512','Eliane Schulz'),(1079,9,1,917,3,'',1,0,0,137,'2023-05-12 08:30:00','2023-05-12','','','25150000359776','Eliane Schulz'),(1080,9,1,918,3,'',1,0,0,136,'2023-05-11 11:00:00','2023-05-11','','','25150000359989','Eliane Schulz'),(1081,9,1,919,3,'',1,0,0,135,'2023-03-02 10:00:00','2023-03-02','','','25150000360120','Eliane Schulz'),(1082,9,1,920,3,'',1,0,0,134,'2023-03-01 10:00:00','2023-03-06','','','25150000360197','Eliane Schulz'),(1083,9,1,921,3,'',1,0,0,133,'2025-03-01 10:00:00','2025-03-02','','','25150000360200','Eliane Schulz'),(1084,3,13,922,1,'',0,0,0,3872,'2025-10-31 09:00:00',NULL,'','Coelhos enviados com GTA emitida errado','25150000357870','Rebeca Dopke'),(1085,3,13,923,1,'',0,0,0,3873,'2025-10-31 15:20:00',NULL,'','Rodeio do PTG Machry','25150000360006','Rebeca Dopke'),(1086,3,13,924,1,'',0,0,0,3874,'2025-10-31 15:20:00',NULL,'','Rodeio do PTG Machry','25150000360014','Rebeca Dopke'),(1087,3,13,925,1,'',0,0,0,3875,'2025-10-31 15:20:00',NULL,'','Rodeio do PTG Machry','25150000360030','Rebeca Dopke'),(1088,3,13,926,1,'',0,0,0,3876,'2025-10-31 15:20:00',NULL,'','Rodeio do PTG Machry','25150000360065','Rebeca Dopke'),(1089,3,13,927,1,'',0,0,0,3877,'2025-10-31 15:20:00',NULL,'','Rodeio do PTG Machry','25150000360081','Rebeca Dopke'),(1090,3,13,928,1,'',0,0,0,3878,'2025-10-31 15:20:00',NULL,'','Rodeio do PTG Machry','25150000360103','Rebeca Dopke'),(1091,3,1,929,2,'',1,0,0,3879,'2025-10-31 16:49:00','2025-10-31','','AÇÃO INADIMPLENTE DEC. 2025','','Igo Antonio Lobler');
/*!40000 ALTER TABLE `ai` ENABLE KEYS */;
UNLOCK TABLES;

--
-- Table structure for table `ai_especie`
--

DROP TABLE IF EXISTS `ai_especie`;
/*!40101 SET @saved_cs_client     = @@character_set_client */;
/*!50503 SET character_set_client = utf8mb4 */;
CREATE TABLE `ai_especie` (
  `pk_id_ai_especie` int(11) NOT NULL AUTO_INCREMENT,
  `fk_id_ai` int(11) NOT NULL,
  `nome_especie_ai_especie` varchar(40) NOT NULL,
  `qtd_especie` int(11) NOT NULL,
  PRIMARY KEY (`pk_id_ai_especie`),
  KEY `fk_ai_especie_ai` (`fk_id_ai`),
  CONSTRAINT `fk_ai_especie_ai` FOREIGN KEY (`fk_id_ai`) REFERENCES `ai` (`pk_id_ai`) ON DELETE CASCADE
) ENGINE=InnoDB AUTO_INCREMENT=74 DEFAULT CHARSET=utf8 COLLATE=utf8_general_ci;
/*!40101 SET character_set_client = @saved_cs_client */;

--
-- Dumping data for table `ai_especie`
--

LOCK TABLES `ai_especie` WRITE;
/*!40000 ALTER TABLE `ai_especie` DISABLE KEYS */;
INSERT INTO `ai_especie` VALUES (9,1071,'equideos',1),(13,1072,'suinos',2),(14,6,'bovinos',6),(15,12,'equideos',1),(16,13,'bovinos',2),(17,1068,'bovinos',26),(18,1069,'bubalinos',6),(20,1073,'bovinos',9),(23,484,'bovinos',32),(24,1074,'bovinos',15),(29,1075,'bovinos',60),(30,1075,'equideos',1),(32,1076,'bovinos',69),(34,1077,'bovinos',5),(36,1078,'equideos',1),(43,1079,'aves',50),(44,1079,'bovinos',7),(45,1079,'equideos',3),(48,1080,'aves',70),(49,1080,'bovinos',7),(54,1081,'aves',12),(55,1081,'bovinos',13),(56,1081,'equideos',3),(57,1081,'suinos',4),(59,1082,'bovinos',10),(63,1083,'bovinos',28),(64,1083,'equideos',1),(65,1083,'suinos',1),(67,1085,'equideos',1),(68,1086,'equideos',1),(69,1087,'equideos',1),(70,1088,'equideos',1),(71,1089,'equideos',1),(73,1090,'equideos',1);
/*!40000 ALTER TABLE `ai_especie` ENABLE KEYS */;
UNLOCK TABLES;

--
-- Table structure for table `auto_interdicao`
--

DROP TABLE IF EXISTS `auto_interdicao`;
/*!40101 SET @saved_cs_client     = @@character_set_client */;
/*!50503 SET character_set_client = utf8mb4 */;
CREATE TABLE `auto_interdicao` (
  `pk_id_ai` int(11) NOT NULL AUTO_INCREMENT,
  `fk_municipio_lavratura_ai` int(11) NOT NULL,
  `fk_id_programa_ai` int(11) NOT NULL,
  `fk_produtor_ai` int(11) NOT NULL,
  `fk_id_veterinario_ai` int(11) DEFAULT NULL,
  `numero_ai` int(11) NOT NULL,
  `data_ai` date NOT NULL,
  `data_ciencia_ai` date DEFAULT NULL,
  `observacoes_ai` text DEFAULT NULL,
  PRIMARY KEY (`pk_id_ai`),
  KEY `fk_municipio_lavratura_ai` (`fk_municipio_lavratura_ai`),
  KEY `fk_id_programa_ai` (`fk_id_programa_ai`),
  KEY `fk_produtor_ai` (`fk_produtor_ai`),
  KEY `fk_id_veterinario_ai` (`fk_id_veterinario_ai`),
  CONSTRAINT `auto_interdicao_ibfk_1` FOREIGN KEY (`fk_municipio_lavratura_ai`) REFERENCES `municipio` (`pk_id_municipio`),
  CONSTRAINT `auto_interdicao_ibfk_2` FOREIGN KEY (`fk_id_programa_ai`) REFERENCES `programa` (`pk_id_programa`),
  CONSTRAINT `auto_interdicao_ibfk_3` FOREIGN KEY (`fk_produtor_ai`) REFERENCES `produtor` (`pk_id_produtor`),
  CONSTRAINT `auto_interdicao_ibfk_4` FOREIGN KEY (`fk_id_veterinario_ai`) REFERENCES `veterinario` (`pk_id_veterinario`)
) ENGINE=InnoDB DEFAULT CHARSET=utf8 COLLATE=utf8_general_ci;
/*!40101 SET character_set_client = @saved_cs_client */;

--
-- Dumping data for table `auto_interdicao`
--

LOCK TABLES `auto_interdicao` WRITE;
/*!40000 ALTER TABLE `auto_interdicao` DISABLE KEYS */;
/*!40000 ALTER TABLE `auto_interdicao` ENABLE KEYS */;
UNLOCK TABLES;

--
-- Table structure for table `contato`
--

DROP TABLE IF EXISTS `contato`;
/*!40101 SET @saved_cs_client     = @@character_set_client */;
/*!50503 SET character_set_client = utf8mb4 */;
CREATE TABLE `contato` (
  `pk_id_contato` int(11) NOT NULL AUTO_INCREMENT,
  `telefone1_contato` varchar(11) DEFAULT NULL,
  `telefone2_contato` varchar(11) DEFAULT NULL,
  `email_contato` varchar(40) DEFAULT NULL,
  PRIMARY KEY (`pk_id_contato`)
) ENGINE=InnoDB AUTO_INCREMENT=42 DEFAULT CHARSET=utf8 COLLATE=utf8_general_ci;
/*!40101 SET character_set_client = @saved_cs_client */;

--
-- Dumping data for table `contato`
--

LOCK TABLES `contato` WRITE;
/*!40000 ALTER TABLE `contato` DISABLE KEYS */;
INSERT INTO `contato` VALUES (6,'','','dasilvaabilio2022@gmail.com'),(8,'','',''),(10,'','',''),(12,'','',''),(13,'51844251423','',''),(14,'51999208637','',''),(15,'51997651203','','catianedacruz237@gmail.com'),(16,'51984210851','','melane.dahmer@gmail.com'),(17,'51996249515','',''),(18,'51996998727','',''),(19,'','',''),(20,'51996383115','',''),(21,'51991768782','',''),(22,'55999035976','',''),(23,'51997076230','',''),(24,'51999422628','',''),(25,'51995258619','',''),(26,'51997337226','',''),(27,'51996940365','',''),(28,'51996372049','',''),(29,'51999622708','',''),(30,'51998552914','',''),(31,'51997408093','',''),(32,'51996947316','',''),(33,'51996947316','',''),(34,'53999485955','',''),(35,'51999661648','',''),(36,'51984075867','',''),(37,'51996263019','',''),(38,'51980397405','',''),(39,'51985963471','',''),(40,'51995924005','',''),(41,'54999476856','','');
/*!40000 ALTER TABLE `contato` ENABLE KEYS */;
UNLOCK TABLES;

--
-- Table structure for table `dc`
--

DROP TABLE IF EXISTS `dc`;
/*!40101 SET @saved_cs_client     = @@character_set_client */;
/*!50503 SET character_set_client = utf8mb4 */;
CREATE TABLE `dc` (
  `pk_id_dc` int(11) NOT NULL AUTO_INCREMENT,
  `fk_municipio_dc` int(11) NOT NULL,
  `fk_produtor_dc` int(11) NOT NULL,
  `numero_dc` int(11) NOT NULL,
  `data_dc` date NOT NULL,
  `observacoes_dc` text DEFAULT NULL,
  PRIMARY KEY (`pk_id_dc`),
  KEY `fk_municipio_dc` (`fk_municipio_dc`),
  KEY `fk_produtor_dc` (`fk_produtor_dc`),
  CONSTRAINT `dc_ibfk_1` FOREIGN KEY (`fk_municipio_dc`) REFERENCES `municipio` (`pk_id_municipio`),
  CONSTRAINT `dc_ibfk_2` FOREIGN KEY (`fk_produtor_dc`) REFERENCES `produtor` (`pk_id_produtor`)
) ENGINE=InnoDB AUTO_INCREMENT=3 DEFAULT CHARSET=utf8 COLLATE=utf8_general_ci;
/*!40101 SET character_set_client = @saved_cs_client */;

--
-- Dumping data for table `dc`
--

LOCK TABLES `dc` WRITE;
/*!40000 ALTER TABLE `dc` DISABLE KEYS */;
INSERT INTO `dc` VALUES (1,3,905,1,'2025-01-02',''),(2,3,906,2,'2025-01-02','');
/*!40000 ALTER TABLE `dc` ENABLE KEYS */;
UNLOCK TABLES;

--
-- Table structure for table `endereco`
--

DROP TABLE IF EXISTS `endereco`;
/*!40101 SET @saved_cs_client     = @@character_set_client */;
/*!50503 SET character_set_client = utf8mb4 */;
CREATE TABLE `endereco` (
  `pk_id_endereco` int(11) NOT NULL AUTO_INCREMENT,
  `tipo_logradouro_endereco` varchar(100) DEFAULT NULL,
  `logradouro_endereco` varchar(150) DEFAULT NULL,
  `numero_endereco` varchar(150) DEFAULT NULL,
  PRIMARY KEY (`pk_id_endereco`)
) ENGINE=InnoDB AUTO_INCREMENT=49 DEFAULT CHARSET=utf8 COLLATE=utf8_general_ci;
/*!40101 SET character_set_client = @saved_cs_client */;

--
-- Dumping data for table `endereco`
--

LOCK TABLES `endereco` WRITE;
/*!40000 ALTER TABLE `endereco` DISABLE KEYS */;
INSERT INTO `endereco` VALUES (13,'Linha','Picada Mariante','s/nº'),(15,NULL,'',''),(17,NULL,'',''),(19,NULL,'',''),(20,'Linha','Santa Tecla','s/nº'),(21,'Linha','Cerro da Boa Esperança','s/n°'),(22,'Rua','FERNANDO MANOEL SCHWINGEL','S/Nº'),(23,'Linha','Estancia Sao Jose','s/nº'),(24,'Linha','Buraco Fundo','s/nº'),(25,'Estrada','Travessa Franck','s/nº'),(26,'Vila','MARIANTE','s/nº'),(27,'Linha','Arroio Bonito',''),(28,'Linha','RINCAO DE SOUZA','s/nº'),(29,NULL,'Mato Grande',''),(30,'Linha','Monte Alegre','s/nº'),(31,'Estrada','Monte Alegre','s/n°'),(32,'Linha','Passo do Monte Alegre','s/n°'),(33,'Linha','Dourados','s/n°'),(34,'Rua','Professor Parreira',''),(35,'Linha','Dourados','s/ Nº'),(36,'Linha','Potreirinho','s/ Nº'),(37,'Linha','Buraco Fundo','s/ Nº'),(38,'Estrada','Passo do Monte Alegre','s/ Nº'),(39,'Estrada','Alto Vila Melos','s/ Nº'),(40,'Estrada','Alto Vila Melos','s/ Nº'),(41,'Rua','Duque de Caxias','910'),(42,'Rua','Osvaldo Marx','783'),(43,'Linha','Cristina','s/ Nº'),(44,'Linha','Pinhal Santo Antonio','s/ Nº'),(45,'Linha','São José da Reserva','s/ Nº'),(46,NULL,'Sede',''),(47,'Linha','São José da Reserva','s/ Nº'),(48,'Linha','Estrela','s/ Nº');
/*!40000 ALTER TABLE `endereco` ENABLE KEYS */;
UNLOCK TABLES;

--
-- Table structure for table `motivo_ai`
--

DROP TABLE IF EXISTS `motivo_ai`;
/*!40101 SET @saved_cs_client     = @@character_set_client */;
/*!50503 SET character_set_client = utf8mb4 */;
CREATE TABLE `motivo_ai` (
  `pk_id_motivo_ai` int(11) NOT NULL AUTO_INCREMENT,
  `preve_adv_motivo_ai` tinyint(1) NOT NULL,
  `lei_motivo_ai` varchar(40) NOT NULL,
  `art_lei_motivo_ai` varchar(40) NOT NULL,
  `decreto_motivo_ai` varchar(40) NOT NULL,
  `art_decreto_motivo_ai` varchar(40) NOT NULL,
  `penalidade_decreto_motivo_ai` varchar(40) NOT NULL,
  `art_penalidade_decreto_motivo_ai` varchar(40) NOT NULL,
  `multa_inicial_motivo_ai` decimal(7,2) DEFAULT NULL,
  `adicional_animal_motivo_ai` decimal(5,2) DEFAULT NULL,
  `descricao_motivo_ai` text NOT NULL,
  `resumo_descricao_motivo_ai` varchar(120) NOT NULL,
  PRIMARY KEY (`pk_id_motivo_ai`)
) ENGINE=InnoDB AUTO_INCREMENT=14 DEFAULT CHARSET=utf8 COLLATE=utf8_general_ci;
/*!40101 SET character_set_client = @saved_cs_client */;

--
-- Dumping data for table `motivo_ai`
--

LOCK TABLES `motivo_ai` WRITE;
/*!40000 ALTER TABLE `motivo_ai` DISABLE KEYS */;
INSERT INTO `motivo_ai` VALUES (1,1,'13.467/2010','5º, inc. IV','52.434/2015','18º, inc. V','52.434','33º, inc. I',60.00,3.00,'não declarar o inventário dos animais descritos abaixo, nos prazos e formas estabelecidos pelo Serviço Veterinário Oficial,','Não declarar inventário'),(2,1,'13.467/2010','5º, inc. IV','52.434/2015','18º, inc. V','52.434','34º, inc. I',100.00,3.00,'não manter inventário atualizado junto ao SVO por categoria de animais existentes na propriedade, nos prazos e formas estabelecidos pelo SVO,','Não manter inventário atualizado'),(3,1,'13.467/2010','5º, inc. IV','52.434/2015','18º, inc. IX','52.434','35º, inc. I',100.00,0.00,'não prestar informações sobre o recebimento de animais, mediante apresentação de documento oficial de trânsito no prazo de 30 dias a contar da emissão da GTA,','Não apresentar GTA em 30d'),(4,1,'13.467/2010','5º, inc. I','52.434/2015','21º, inc. I','52.434','35º, inc. I',100.00,0.00,' ','Agropec - Não executar medidas de DSA'),(5,1,'13.467/2010','5º, inc. I','52.434/2015','21º, inc. I','52.434','50º, inc. I',100.00,0.00,' ','Agropec - Não prestar informações'),(6,1,'13.467/2010','7º, inc. II','52.434/2015','24º','52.434','54º, inc. I',1000.00,0.00,' ','Evento - Não prestar informações (ocorr. sanit./comerc.)'),(7,1,'13.467/2010','5º, inc. VII','52.434/2015','18º, inc. III','52.434','32º, inc. I',60.00,0.00,' ','Não possuir cadastro - proprietários, transport., deposit.'),(8,0,'13.467/2010','5º, inc. V','52.434/2015','18º, inc. XI','52.434','40º',60.00,1.00,' ','Não realizar a vacinação'),(9,1,'13.467/2010','5º, inc. IV','52.434/2015','18º, inc. II','52.434','35º',100.00,0.00,' ','Produtor - Não prestar informações'),(10,1,'13.467/2010','5º, inc. I','52.434/2015','18º, inc. I e XIII','52.434','35º',100.00,0.00,' ','Produtor genérico - Não executar medidas de DSA'),(11,0,'13.467/2010','5º, inc. VI','52.434/2015','22º, inc. III','52.434','43º',70.00,5.00,' ','Receber animais sem GTA (eventos)'),(12,0,'13.467/2010','5º, inc. VI','52.434/2015','18º, inc. VIII','52.434','43º',70.00,5.00,' ','Receber animais sem GTA (produtor)'),(13,0,'13.467/2010','11º, § 1º e 2º','52.434/2015','18º, inc. VII','52.434','42º',100.00,3.00,'Transitar animais de peculiar interesse do estado sem a devida documentação de trânsito e/ou zoossanitária','Transitar sem GTA');
/*!40000 ALTER TABLE `motivo_ai` ENABLE KEYS */;
UNLOCK TABLES;

--
-- Table structure for table `municipio`
--

DROP TABLE IF EXISTS `municipio`;
/*!40101 SET @saved_cs_client     = @@character_set_client */;
/*!50503 SET character_set_client = utf8mb4 */;
CREATE TABLE `municipio` (
  `pk_id_municipio` int(11) NOT NULL AUTO_INCREMENT,
  `nome_municipio` varchar(150) NOT NULL,
  `cod_ibge_municipio` varchar(12) DEFAULT NULL,
  PRIMARY KEY (`pk_id_municipio`)
) ENGINE=InnoDB AUTO_INCREMENT=64 DEFAULT CHARSET=utf8 COLLATE=utf8_general_ci;
/*!40101 SET character_set_client = @saved_cs_client */;

--
-- Dumping data for table `municipio`
--

LOCK TABLES `municipio` WRITE;
/*!40000 ALTER TABLE `municipio` DISABLE KEYS */;
INSERT INTO `municipio` VALUES (1,'Camaquã','4303509'),(2,'São Gabriel','4318309'),(3,'Venâncio Aires','4322608'),(4,'São Francisco de Assis','4318101'),(5,'Pejuçara','4314308'),(6,'Mato Leitão','4312153'),(7,'Lavras do Sul','4311502'),(8,'Soledade','4320800'),(9,'Vale Verde','4322525'),(10,'Santiago','4317400'),(11,'Alegrete','4300406'),(12,'Augusto Pestana','4301503'),(13,'Cacequi','4302907'),(14,'Cerro Largo','4305207'),(15,'Morro Redondo','4312450'),(16,'Eugênio de Castro','4307831'),(17,'Quaraí','4315305'),(18,'Santa Maria','4316907'),(19,'Santana do Livramento','4317103'),(20,'Vera Cruz','4322707'),(21,'Santo Antônio das Missões','4317707'),(22,'Santo Antônio da Patrulha','4317608'),(23,'Quevedos','4315321'),(24,'São Martinho da Serra','4318491'),(25,'Uruguaiana','4322400'),(26,'Passo do Sobrado','4314076'),(27,'Palmeira das Missões','4313706'),(28,'Santa Vitória do Palmar','4317301'),(29,'São Vicente do Sul','4320001'),(30,'Cachoeira do Sul','4303004'),(31,'Piratini','4314605'),(32,'Jacuizinho','4310876'),(33,'Santa Bárbara do Sul','4316709'),(34,'Candelária','4304200'),(35,'André da Rocha','4300661'),(36,'Bossoroca','4302501'),(37,'Manoel Viana','4311759'),(38,'Nova Palma','4313102'),(39,'Passo Fundo','4314100'),(40,'Caçapava do Sul','4302808'),(41,'Dom Pedrito','4306601'),(42,'Bagé','4301602'),(43,'Jaguarão','4311007'),(44,'Aceguá','4300034'),(45,'Santa Cruz do Sul','4316808'),(46,'Roque Gonzales','4316303'),(47,'Lajeado','4311403'),(48,'Imigrante','4310363'),(49,'Nicolau Vergueiro','4312674'),(50,'Erechim','4307005'),(51,'Canoas','4304606'),(52,'Caxias do Sul','4305108'),(53,'Guaíba','4309308'),(54,'Porto Alegre','4314902'),(55,'São Miguel das Missões','4318806'),(56,'Garruchos','4308656'),(57,'Rio Pardo','4315701'),(58,'Rosário do Sul','4316402'),(59,'Itaqui','4310603'),(60,'São Borja','4318002'),(61,'Arroio Grande','4301305'),(62,'Herveiras','4309571'),(63,'Sinimbu','4318100');
/*!40000 ALTER TABLE `municipio` ENABLE KEYS */;
UNLOCK TABLES;

--
-- Table structure for table `municipiopadrao`
--

DROP TABLE IF EXISTS `municipiopadrao`;
/*!40101 SET @saved_cs_client     = @@character_set_client */;
/*!50503 SET character_set_client = utf8mb4 */;
CREATE TABLE `municipiopadrao` (
  `pk_id_municipio` int(11) NOT NULL AUTO_INCREMENT,
  `fk_id_municipio` int(11) NOT NULL,
  PRIMARY KEY (`pk_id_municipio`),
  KEY `fk_id_municipio` (`fk_id_municipio`),
  CONSTRAINT `municipiopadrao_ibfk_1` FOREIGN KEY (`fk_id_municipio`) REFERENCES `municipio` (`pk_id_municipio`)
) ENGINE=InnoDB AUTO_INCREMENT=2 DEFAULT CHARSET=utf8 COLLATE=utf8_general_ci;
/*!40101 SET character_set_client = @saved_cs_client */;

--
-- Dumping data for table `municipiopadrao`
--

LOCK TABLES `municipiopadrao` WRITE;
/*!40000 ALTER TABLE `municipiopadrao` DISABLE KEYS */;
INSERT INTO `municipiopadrao` VALUES (1,3);
/*!40000 ALTER TABLE `municipiopadrao` ENABLE KEYS */;
UNLOCK TABLES;

--
-- Table structure for table `produtor`
--

DROP TABLE IF EXISTS `produtor`;
/*!40101 SET @saved_cs_client     = @@character_set_client */;
/*!50503 SET character_set_client = utf8mb4 */;
CREATE TABLE `produtor` (
  `pk_id_produtor` int(11) NOT NULL AUTO_INCREMENT,
  `fk_id_endereco_produtor` int(11) DEFAULT NULL,
  `fk_id_municipio` int(11) NOT NULL,
  `fk_id_contato_produtor` int(11) DEFAULT NULL,
  `nome_produtor` varchar(150) NOT NULL,
  `cpf_cnpj_produtor` varchar(15) NOT NULL,
  `rg_produtor` varchar(14) DEFAULT NULL,
  `tipo_pessoa_produtor` tinyint(1) NOT NULL DEFAULT 0,
  `observacao_produtor` varchar(250) DEFAULT NULL,
  PRIMARY KEY (`pk_id_produtor`),
  KEY `fk_id_municipio` (`fk_id_municipio`),
  KEY `fk_id_endereco_produtor` (`fk_id_endereco_produtor`),
  KEY `fk_id_contato_produtor` (`fk_id_contato_produtor`),
  CONSTRAINT `produtor_ibfk_1` FOREIGN KEY (`fk_id_municipio`) REFERENCES `municipio` (`pk_id_municipio`),
  CONSTRAINT `produtor_ibfk_2` FOREIGN KEY (`fk_id_endereco_produtor`) REFERENCES `endereco` (`pk_id_endereco`),
  CONSTRAINT `produtor_ibfk_3` FOREIGN KEY (`fk_id_contato_produtor`) REFERENCES `contato` (`pk_id_contato`)
) ENGINE=InnoDB AUTO_INCREMENT=930 DEFAULT CHARSET=utf8 COLLATE=utf8_general_ci;
/*!40101 SET character_set_client = @saved_cs_client */;

--
-- Dumping data for table `produtor`
--

LOCK TABLES `produtor` WRITE;
/*!40000 ALTER TABLE `produtor` DISABLE KEYS */;
INSERT INTO `produtor` VALUES (1,NULL,3,NULL,'FLAVIO BECKER','01891049020',NULL,0,NULL),(2,NULL,2,NULL,'RAUL GONCALVES SOUTHALL','01109374062',NULL,0,NULL),(3,NULL,3,NULL,'RONI KRAMER','54418577068',NULL,0,NULL),(4,NULL,3,NULL,'LUIS CARLOS KIST','46593616087',NULL,0,NULL),(5,NULL,3,NULL,'JOSE DE AZEVEDO VARGAS','29129443091',NULL,0,NULL),(6,NULL,26,NULL,'FABIANO ORTIZ CARVALHO DA SILVA','82932450000',NULL,0,NULL),(7,NULL,3,NULL,'FLAVIO MANOEL SACKSER','46348255034',NULL,0,NULL),(8,NULL,3,NULL,'MATEUS RODRIGO DA SILVA','03169877003',NULL,0,NULL),(9,NULL,3,NULL,'JOENIR LUIS FERREIRA','51977702015',NULL,0,NULL),(10,NULL,3,NULL,'LAURI JOSE SCHWENDLER','73620262004',NULL,0,NULL),(11,28,3,21,'JULIO CESAR DE OLIVEIRA','03172890040','',0,''),(12,29,4,22,'FABIO ALBERTO CARPENEDO','00735769052','',0,''),(13,NULL,5,NULL,'IVAN LINASSI','42747783049',NULL,0,NULL),(14,NULL,3,NULL,'TIAGO EZEQUIEL ALGAYER','04233613092',NULL,0,NULL),(15,NULL,3,NULL,'RENATO DUARTE','02672306052',NULL,0,NULL),(16,NULL,6,NULL,'LIZANE LORENZEN','93689586020',NULL,0,NULL),(17,NULL,6,NULL,'JONAS ELIAS KUHN','01778208029',NULL,0,NULL),(18,NULL,6,NULL,'DIOGO RODRIGO SEBASTIANI','02631293061',NULL,0,NULL),(19,NULL,7,NULL,'MARCIO FACCO DE PIETRO','00198646046',NULL,0,NULL),(20,NULL,3,NULL,'INACIO BECKER','32079079034',NULL,0,NULL),(21,NULL,3,NULL,'DAIANA MARIA DE FREITAS','99159295015',NULL,0,NULL),(22,NULL,3,NULL,'ELDO STERTZ','22962662072',NULL,0,NULL),(23,NULL,3,NULL,'RODRIGO SCHUH','00448500000',NULL,0,NULL),(24,NULL,3,NULL,'PAULO LAURI SCHWEIKART','99615479004',NULL,0,NULL),(25,13,3,6,'ABILIO DA SILVA','26125005020','7041780607',0,''),(26,NULL,8,NULL,'CEARA DE FATIMA FERREIRA TABORDA','00979371007',NULL,0,NULL),(27,NULL,3,NULL,'JUARES JOSE RODRIGUES','41255402091',NULL,0,NULL),(28,NULL,3,NULL,'ARMINDO JOSE SEHN','01687549087',NULL,0,NULL),(29,NULL,3,NULL,'ANDERSON RAFAEL FERREIRA','00256723044',NULL,0,NULL),(30,NULL,3,NULL,'WALDEMAR DE SOUZA','55512100068',NULL,0,NULL),(31,NULL,3,NULL,'FANCISCO XAVIER RECKZIEGEL BERSCH','44780818087',NULL,0,NULL),(32,NULL,3,NULL,'CLARICE TEREZINHA FREY','73664073053',NULL,0,NULL),(33,NULL,3,NULL,'MERCILDO BECKER','54418216049',NULL,0,NULL),(34,NULL,3,NULL,'EDER CLEI DA COSTA LEITE','98569171072',NULL,0,NULL),(35,NULL,3,NULL,'AGROCOMERCIAL HACKENHAAR','00945092040',NULL,0,NULL),(36,NULL,3,NULL,'VALTER LUIZ VIANA','42581460059',NULL,0,NULL),(37,NULL,3,NULL,'EDSON WAGNER','22091050059',NULL,0,NULL),(38,NULL,3,NULL,'PAULO JOSE SEHN','44589310082',NULL,0,NULL),(39,NULL,3,NULL,'SIMONE INES WENZEL HAUPT','03189396060',NULL,0,NULL),(40,NULL,3,NULL,'ERVINO HENN','20514042087',NULL,0,NULL),(41,NULL,3,NULL,'VANDER GLACIMIR FRANCO','59429348000',NULL,0,NULL),(42,NULL,3,NULL,'PEDRO JOSE MOREIRA','47948540059',NULL,0,NULL),(43,NULL,3,NULL,'MARINA RIEDEL SELBACH','71836748000',NULL,0,NULL),(44,NULL,6,NULL,'WESLEY VITOR ALVES DE SOUZA','03370639076',NULL,0,NULL),(45,NULL,3,NULL,'GLAUBER GUIMARAES DE FREITAS','01042712050',NULL,0,NULL),(46,NULL,3,NULL,'RUAN WILLIAN SILVEIRA GOMES','02198825090',NULL,0,NULL),(47,NULL,3,NULL,'SILVIO JULIANO DE MOURA','01879459000',NULL,0,NULL),(48,NULL,3,NULL,'ALAOR JOSE LOPES','07138610025',NULL,0,NULL),(49,NULL,3,NULL,'MIGUEL RICARDO BECKER','00050718010',NULL,0,NULL),(50,NULL,3,NULL,'ELOIR DA COSTA','42414652004',NULL,0,NULL),(51,NULL,3,NULL,'MARLIZE ALFF VARGAS','74644572004',NULL,0,NULL),(52,NULL,3,NULL,'JAQUES SCHWINGEL MARTINS','00731288050',NULL,0,NULL),(53,NULL,3,NULL,'ERNILDO LUIZ DOS SANTOS','13838644034',NULL,0,NULL),(54,NULL,3,NULL,'CLAUDETE PEREIRA DA SILVA','91540208087',NULL,0,NULL),(55,NULL,3,NULL,'MAURO LUIS HOCHSCHEIDT','48319902053',NULL,0,NULL),(56,NULL,3,NULL,'REGIS ISRAEL IOCHIMS','03278706056',NULL,0,NULL),(57,NULL,3,NULL,'VANTUIR LUIS HEINEN','76099768068',NULL,0,NULL),(58,NULL,6,NULL,'DIOGO LUIS DA SILVEIRA','04122163021',NULL,0,NULL),(59,NULL,3,NULL,'MARIA ERACI DOS SANTOS FAGUNDES','54986362020',NULL,0,NULL),(60,NULL,3,NULL,'TIAGO BAGGIOTTO','97563525049',NULL,0,NULL),(61,NULL,3,NULL,'ROSANE MARIA GELLER','45183686068',NULL,0,NULL),(62,NULL,3,NULL,'RENI MARIA FERREIRA REICHERT','55694713087',NULL,0,NULL),(63,NULL,3,NULL,'PAULO ROBERTO JANISCH','02218169096',NULL,0,NULL),(64,NULL,3,NULL,'MARIANGELA FEIJO','55385036072',NULL,0,NULL),(65,NULL,3,NULL,'IVONE TERESINHA BECKER','88912604015',NULL,0,NULL),(66,NULL,26,NULL,'ELPIDIO JAIR DE MORAES','55517471072',NULL,0,NULL),(67,NULL,26,NULL,'RAFAEL SCHIMUNECK','02170036059',NULL,0,NULL),(68,NULL,26,NULL,'ERNEI SCHIMUNECK','36355488049',NULL,0,NULL),(69,NULL,3,NULL,'GILTON LUIZ DA LUZ','32080697072',NULL,0,NULL),(70,NULL,3,NULL,'AGRO COMERCIAL PUHL LTDA','76419480001751',NULL,1,NULL),(71,NULL,3,NULL,'AGRO COMERCIAL PUHL LTDA (FILIAL)','76419480002561',NULL,1,NULL),(72,NULL,6,NULL,'NILDO BURGHARDT','20105606049',NULL,0,NULL),(73,NULL,3,NULL,'ANDRE RIEDEL DA SILVA','00828529019',NULL,0,NULL),(74,NULL,26,NULL,'JAIR KIST','91168872049',NULL,0,NULL),(75,NULL,3,NULL,'PEDRO PAULO GOMES PEREIRA','53417607000',NULL,0,NULL),(76,NULL,3,NULL,'ERNO DREISSIG','12278327020',NULL,0,NULL),(77,NULL,26,NULL,'CLAUDIO PATRICIO DA FONTOURA','92157173072',NULL,0,NULL),(78,NULL,3,NULL,'DIOGO ANTONIO DE BORBA','02126531058',NULL,0,NULL),(79,NULL,3,NULL,'JOSE ALAOR DA SILVA','95649956049',NULL,0,NULL),(80,NULL,26,NULL,'SAMUEL LUIZ TIMM','03742430009',NULL,0,NULL),(81,NULL,3,NULL,'MARIA JOAQUINA CHAVES','93931581004',NULL,0,NULL),(82,NULL,3,NULL,'V. RENZ AGROPECUARIA LTDA','452315750001531',NULL,1,NULL),(83,NULL,3,NULL,'RAFAEL TESSMANN','267196050001201',NULL,1,NULL),(84,NULL,3,NULL,'NAIR WEBER','79027776091',NULL,0,NULL),(85,NULL,3,NULL,'GUILHERME LERMEN EGGERS','03807242007',NULL,0,NULL),(86,NULL,9,NULL,'ALGAYER E THIESEN LTDA','230044340001651',NULL,1,NULL),(87,NULL,26,NULL,'CLEBER LOPES DA ROSA','92893295053',NULL,0,NULL),(88,NULL,3,NULL,'SERGIO FREY','44589344068',NULL,0,NULL),(89,NULL,26,NULL,'GERCI WINTER','66079314053',NULL,0,NULL),(90,NULL,26,NULL,'JORGE ARNOBIO DA ROSA','57576122072',NULL,0,NULL),(91,NULL,26,NULL,'ANDRE FERNANDO HAAS','00161970036',NULL,0,NULL),(92,NULL,3,NULL,'ODAIR LUIZ FAGUNDES','26570629034',NULL,0,NULL),(93,NULL,3,NULL,'SERGIO LUIS LEISMANN','93181485004',NULL,0,NULL),(94,NULL,3,NULL,'ALCIDO POHL','44589379015',NULL,0,NULL),(95,NULL,3,NULL,'ADRIANA TERESINHA DA SILVA RIBEIRO','00162026005',NULL,0,NULL),(96,NULL,3,NULL,'MARCIO ANDRE DA ROSA','80684025000',NULL,0,NULL),(97,NULL,3,NULL,'LUIZ RENI DA ROSA','16120230025',NULL,0,NULL),(98,NULL,10,NULL,'ANDREA SOUZA BONOTTO','57495459034',NULL,0,NULL),(99,NULL,3,NULL,'LEO JOSE GASSEN','01640836004',NULL,0,NULL),(100,NULL,26,NULL,'ERALDO SANTOS CARVALHO','91088950078',NULL,0,NULL),(101,NULL,26,NULL,'LUIZ RAINALDO LINCH','10815708068',NULL,0,NULL),(102,NULL,26,NULL,'ILMO FISCHER','40737926015',NULL,0,NULL),(103,NULL,26,NULL,'SELOI LOPES DE MELLO','36591700030',NULL,0,NULL),(104,NULL,3,NULL,'GABRIEL FISCHER ILHA','03471239022',NULL,0,NULL),(105,NULL,3,NULL,'JUNIOR kAUFMANN','02536443051',NULL,0,NULL),(106,NULL,3,NULL,'ISMAEL TIAGO FERREIRA','04201812022',NULL,0,NULL),(107,NULL,26,NULL,'FABIANO BOCHI','02755482010',NULL,0,NULL),(108,NULL,3,NULL,'DARCI FRANCISCO WEBER','14890577068',NULL,0,NULL),(109,NULL,3,NULL,'LORI SCHLOSSER DOS SANTOS','73669164049',NULL,0,NULL),(110,NULL,3,NULL,'CARMO EBERHART','00078389054',NULL,0,NULL),(112,NULL,26,NULL,'JEFERSON DE FREITAS','03170530003',NULL,0,NULL),(113,NULL,26,NULL,'CLAITON ISAMEL JANISCH','00069800073',NULL,0,NULL),(114,NULL,3,NULL,'JACKSON JEAN DA CRUZ','01110943059',NULL,0,NULL),(115,NULL,3,NULL,'GUILHERME AUGUSTO GRINGS DOS SANTOS','01271677067',NULL,0,NULL),(116,NULL,3,NULL,'PEDRO GOMES PEREIRA','93175280072',NULL,0,NULL),(117,NULL,26,NULL,'EZILNEI BANDEIRA','43740529091',NULL,0,NULL),(118,NULL,26,NULL,'MARCIO ROGERIO DA SILVA','00993613020',NULL,0,NULL),(119,NULL,26,NULL,'LUCIANE APARECIDA THIESEN DIAS','91279402091',NULL,0,NULL),(120,NULL,3,NULL,'WANDERLI DE BORBA','54418798072',NULL,0,NULL),(121,NULL,26,NULL,'ARTHUR PALHARES PADILHA','19674562087',NULL,0,NULL),(122,NULL,26,NULL,'CLEITON RODRIGUES DE CARVALHO','01942269056',NULL,0,NULL),(123,NULL,3,NULL,'MARIO SERGIO DANETTI','00465357059',NULL,0,NULL),(124,NULL,3,NULL,'BENO NERI DANETTI','26869578087',NULL,0,NULL),(125,NULL,3,NULL,'NILSON ANTONIO ALGAYER','44588984004',NULL,0,NULL),(126,NULL,26,NULL,'MILENA AVELAR LOPES','04939178021',NULL,0,NULL),(127,NULL,26,NULL,'CARLOS RICARDO DOS SANTOS','83356770004',NULL,0,NULL),(128,NULL,26,NULL,'BEATRIS DE AVELAR LOPES','81332831087',NULL,0,NULL),(129,NULL,26,NULL,'DENIZE ROBERTA DIEHL','78148120030',NULL,0,NULL),(130,NULL,3,NULL,'MARCELO LUIS CHRIST','47282207020',NULL,0,NULL),(131,NULL,3,NULL,'LOURDES OTILIA LERSCH SIMON','72974850049',NULL,0,NULL),(132,NULL,3,NULL,'SAMOEL SHULER','89765729049',NULL,0,NULL),(133,NULL,3,NULL,'SIDNEI CARLOS PORTO','01127577077',NULL,0,NULL),(134,NULL,3,NULL,'VALERIO DE PAULA HELTZ','59081279068',NULL,0,NULL),(135,NULL,3,NULL,'JOSE LUIS GREGORY','59722703072',NULL,0,NULL),(136,NULL,3,NULL,'JEFERSON FERNANDO DA COSTA REIS','09412500745',NULL,0,NULL),(137,NULL,3,NULL,'JOSE VALMIR HEIN','97956430020',NULL,0,NULL),(138,NULL,3,NULL,'LUIS CARLOS SCHWENDLER','57670323000',NULL,0,NULL),(139,NULL,3,NULL,'ADRIANO LUIS FISCHER','97996980063',NULL,0,NULL),(140,NULL,3,NULL,'LAURA TERESINHA BECKER FINCKLER','42093619091',NULL,0,NULL),(141,NULL,3,NULL,'ENI AMARO RIBEIRO','59057785072',NULL,0,NULL),(142,NULL,3,NULL,'IRACEMA SILVA DE SOUZA','51977877087',NULL,0,NULL),(143,NULL,3,NULL,'MARLI HELENA DO COUTO SCHROEDER','62233327004',NULL,0,NULL),(144,NULL,3,NULL,'ROQUE AIRTON MALLMANN','28254040044',NULL,0,NULL),(145,NULL,26,NULL,'ARNOLDO BAIERLE','31860907091',NULL,0,NULL),(146,NULL,26,NULL,'JOSE LAUTERIO BAIERLE','00161405088',NULL,0,NULL),(147,NULL,26,NULL,'ELONITA BEATRIZ LAHM','50452940087',NULL,0,NULL),(148,NULL,26,NULL,'DAYSI DANUBIA DE MELO','02774931029',NULL,0,NULL),(149,NULL,26,NULL,'IVANILDA DA ROSA QUEIROZ','53839978068',NULL,0,NULL),(150,NULL,26,NULL,'BIANCA DANIELI ENDRES','02980927007',NULL,0,NULL),(151,NULL,3,NULL,'PAULO RICARDO GONÇALVES DA SILVA','47835370034',NULL,0,NULL),(152,NULL,3,NULL,'CAUE BENDER FAGUNDES','01504099079',NULL,0,NULL),(153,NULL,3,NULL,'JACI DO COUTO','52178552072',NULL,0,NULL),(154,NULL,3,NULL,'CLEBER QUOSS','93761473087',NULL,0,NULL),(155,NULL,26,NULL,'JOAO EPAMINONDAS DOS SANTOS IOCHIMS','00628274050',NULL,0,NULL),(156,NULL,3,NULL,'EDUARDO PEDRO EIDT','95778543034',NULL,0,NULL),(157,NULL,26,NULL,'JAIME MARCELO HAAG','61897345020',NULL,0,NULL),(158,NULL,26,NULL,'JOEL LOPES','57066507053',NULL,0,NULL),(159,NULL,11,NULL,'PAULO OSORIO GUEDES DOS ANJOS','21418802034',NULL,0,NULL),(160,NULL,3,NULL,'RENE DILL','49866320006',NULL,0,NULL),(161,NULL,3,NULL,'ILDEMAR BOGORNY','43714862072',NULL,0,NULL),(162,NULL,3,NULL,'CLEOMAR RODRIGUES DE OLIVEIRA','97010138087',NULL,0,NULL),(163,NULL,3,NULL,'EDUARDO GONÇALVES DA SIL VA','94356785053',NULL,0,NULL),(164,NULL,26,NULL,'JOAO ADEMIR MARQUES DA ROSA','57914982091',NULL,0,NULL),(165,NULL,26,NULL,'CRISTIANO DA ROSA','00184641063',NULL,0,NULL),(166,NULL,26,NULL,'JOARES DOS SANTOS','63584239087',NULL,0,NULL),(167,NULL,12,NULL,'JOSE ANESI','05361443034',NULL,0,NULL),(168,NULL,26,NULL,'JAIME LUIZ LOEBLEIN','40205185053',NULL,0,NULL),(169,NULL,3,NULL,'TANIA MARIA SCHNEIDER','68673450004',NULL,0,NULL),(170,NULL,3,NULL,'MARIO SERGIO MARTINS','00252498003',NULL,0,NULL),(171,NULL,3,NULL,'ILCI MARIA WAGNER','92320780053',NULL,0,NULL),(172,NULL,26,NULL,'WILTON LUIZ HELFER','52184480010',NULL,0,NULL),(173,NULL,6,NULL,'FAGNER LUIS SCHWENGBER','94298114015',NULL,0,NULL),(174,NULL,3,NULL,'ANGELO JOSÉ MAHL','96934395034',NULL,0,NULL),(175,NULL,3,NULL,'CAMILA ANDIARA FETT','02355747083',NULL,0,NULL),(176,NULL,26,NULL,'ODAIR BRIXIUS DA ROSA','99244080044',NULL,0,NULL),(177,NULL,26,NULL,'GERALDO LOPES DE MELLO','93998902015',NULL,0,NULL),(178,NULL,3,NULL,'JOELSI DA ROSA FERREIRA','90182901068',NULL,0,NULL),(179,NULL,3,NULL,'VINICIUS LISBOA KUNTZ','03704503029',NULL,0,NULL),(180,NULL,26,NULL,'FELIPE SCHNEIDER','03522307038',NULL,0,NULL),(181,NULL,13,NULL,'ADRIELE KASPER CANESTRINI','03513346026',NULL,0,NULL),(182,NULL,3,NULL,'ANDERSON RAFAEL SCHWINGEL','00283585030',NULL,0,NULL),(183,NULL,3,NULL,'ARLINDO HECK','22965149015',NULL,0,NULL),(184,NULL,3,NULL,'CLAUDIOMIRO ANTONIO MORAES','61636177034',NULL,0,NULL),(185,NULL,3,NULL,'GENECI DE SOUZA','36777501053',NULL,0,NULL),(186,NULL,3,NULL,'LEONI PEREIRA','25870351049',NULL,0,NULL),(187,NULL,3,NULL,'JOSE NELSON GERHARDT','48851965072',NULL,0,NULL),(188,NULL,3,NULL,'ROBERTO DE FREITAS DA ROSA','03311466063',NULL,0,NULL),(189,NULL,3,NULL,'MARIA ZENAIDE JESSOF FAGUNDES','74644289000',NULL,0,NULL),(190,NULL,3,NULL,'NADIA MARIA DE OLIVEIRA FLECK','76095824068',NULL,0,NULL),(191,NULL,3,NULL,'GABRIEL TOILLIER LINCKE','03776324066',NULL,0,NULL),(192,NULL,3,NULL,'FERNANDO DANIEL LAPPE','00638505089',NULL,0,NULL),(193,NULL,3,NULL,'LUCIANO ANDRÉ HOCHSCHEIDT','00832540056',NULL,0,NULL),(194,NULL,26,NULL,'NICOLAU ANUAR FELIPE','62873296020',NULL,0,NULL),(195,NULL,3,NULL,'SAMARA MIDIANE SANTIAGO MARTINS','46089870030',NULL,0,NULL),(196,NULL,3,NULL,'FORTUNATO LUIS REGINATTO','62233068068',NULL,0,NULL),(197,NULL,26,NULL,'EDER OLIMPIO DE QUEIROZ','01237082064',NULL,0,NULL),(198,NULL,3,NULL,'HEITOR JOAO GAUER','18571328072',NULL,0,NULL),(199,NULL,3,NULL,'CASSIO RODRIGO GAUER','93134991004',NULL,0,NULL),(200,NULL,26,NULL,'MARCELO DOS SANTOS MACHADO','93692366000',NULL,0,NULL),(201,NULL,3,NULL,'MARIA CLARICE VIEIRA DA SILVA','89191420091',NULL,0,NULL),(202,NULL,3,NULL,'JARBAS BERGMANN','94205566034',NULL,0,NULL),(203,NULL,3,NULL,'CELITA RUDIGER LUNARDI','54360633068',NULL,0,NULL),(204,NULL,3,NULL,'EDUARDO FELIPE KUNZLER','03331220035',NULL,0,NULL),(205,NULL,14,NULL,'ADELINO LUIS SPOHR','36486035072',NULL,0,NULL),(206,NULL,15,NULL,'RENATO BERTOLDI SCHWANTZ','14135388000',NULL,0,NULL),(207,NULL,3,NULL,'RICARDO CAVAGNOLI','03602544036',NULL,0,NULL),(208,NULL,26,NULL,'DOUGLAS ESPINOZA DE SOUZA','02554459037',NULL,0,NULL),(209,NULL,26,NULL,'EDER JUNIOR LEISMANN','93993323068',NULL,0,NULL),(210,NULL,26,NULL,'VALDECIR DA ROSA FERREIRA','61222704072',NULL,0,NULL),(211,NULL,16,NULL,'AURELIO GOETTEMS','41284615049',NULL,0,NULL),(212,NULL,3,NULL,'MARIA CLOTHILDE REIS','94322210082',NULL,0,NULL),(213,NULL,26,NULL,'DANILO ANTONIO MAYER','36804614020',NULL,0,NULL),(214,NULL,26,NULL,'RAFAEL DA ROSA','00490481043',NULL,0,NULL),(215,NULL,26,NULL,'ALFREDO DA CRUZ','43714714049',NULL,0,NULL),(216,NULL,17,NULL,'CESAR AUGUSTO PUJOL CORREA','90540158020',NULL,0,NULL),(217,NULL,18,NULL,'JAIRO PIRES PEREIRA','21942358091',NULL,0,NULL),(218,NULL,3,NULL,'ALFONSO SIMON','26863286068',NULL,0,NULL),(219,NULL,3,NULL,'ILDEMAR IGNACIO CORREA','95731024049',NULL,0,NULL),(220,NULL,26,NULL,'FABIO KAPPAUN','00204468027',NULL,0,NULL),(221,NULL,26,NULL,'ELISANGELA DEISE DA SILVA','98104470000',NULL,0,NULL),(222,NULL,10,NULL,'VILMAR ANTONIO KERPEL','20530285053',NULL,0,NULL),(223,NULL,3,NULL,'ALCEU JOSÉ KIST','50306910063',NULL,0,NULL),(224,NULL,26,NULL,'SERGIO LUIZ BAIERLE','64166147072',NULL,0,NULL),(225,NULL,26,NULL,'ERNANI FERREIRA MORAES','98274651049',NULL,0,NULL),(226,NULL,3,NULL,'ANDRE LUIS FERREIRA','56711778049',NULL,0,NULL),(227,NULL,26,NULL,'MAYQUEL ANDRE SEMIANER','03277442004',NULL,0,NULL),(228,NULL,3,NULL,'VALNIR SERTORIO','03444711956',NULL,0,NULL),(229,NULL,3,NULL,'VALMIR SERTORIO','03444711956',NULL,0,NULL),(230,NULL,26,NULL,'SILVIA MARIA FERREIRA','19846524072',NULL,0,NULL),(231,NULL,26,NULL,'VALDIR INACIO FERREIRA','95517901034',NULL,0,NULL),(232,NULL,5,NULL,'RICARDO COSTA BEBER VIONE','88713563068',NULL,0,NULL),(233,NULL,3,NULL,'HEITOR JOSE PEREIRA','55912320006',NULL,0,NULL),(234,NULL,18,NULL,'NERY POZZOBON','04473434087',NULL,0,NULL),(235,NULL,19,NULL,'ZACIR ALVES MACHADO','65254007087',NULL,0,NULL),(236,NULL,11,NULL,'OSVALDO CHIBIAQUE DE LIMA','16561007034',NULL,0,NULL),(237,NULL,3,NULL,'ODILO RODRIGUES DA SILVA','18672167015',NULL,0,NULL),(238,NULL,3,NULL,'LAURO ADRIANO LORD','73663026000',NULL,0,NULL),(239,NULL,3,NULL,'MARCO ANDRE JANTSCH','49283375068',NULL,0,NULL),(240,NULL,3,NULL,'LEANDRO ROBERTO HENDGES','02195978040',NULL,0,NULL),(241,NULL,3,NULL,'NEURI DONATO MEES','76707180053',NULL,0,NULL),(242,NULL,3,NULL,'ERICO LOEBLEIN','20810555034',NULL,0,NULL),(243,NULL,3,NULL,'JOSE CALMON DOS SANTOS','46349642015',NULL,0,NULL),(244,NULL,3,NULL,'VALTER JOSE MAGGIONI','00124634001',NULL,0,NULL),(245,NULL,3,NULL,'JOAO BATISTA BOURSCHEIDT','73291617053',NULL,0,NULL),(246,NULL,3,NULL,'BERTINO ROQUE NEUMANN','12277975087',NULL,0,NULL),(247,NULL,3,NULL,'INES APARECIDA DA ROSA PADILHA','55695094020',NULL,0,NULL),(248,NULL,3,NULL,'VALMOR ANTONIO BOHN','44721030010',NULL,0,NULL),(249,NULL,3,NULL,'LIVIANE INES WINCKELMANN','89283120000',NULL,0,NULL),(250,NULL,3,NULL,'TOMAS VERONES DA SILVA DE SOUZA CUNHA','90254120091',NULL,0,NULL),(251,NULL,3,NULL,'LUCIANO JOSE DA SILVA','92907733087',NULL,0,NULL),(252,NULL,3,NULL,'GLACY MARIA SCHWINGEL','60282983015',NULL,0,NULL),(253,NULL,3,NULL,'ALTEMIR LENHARDT','68520662072',NULL,0,NULL),(254,NULL,3,NULL,'TERLEI DE OLIVEIRA DE MOURA','72209852072',NULL,0,NULL),(255,NULL,3,NULL,'NILSO ROQUE FREYTAG','48852244034',NULL,0,NULL),(256,NULL,26,NULL,'ANA LAURA DE MELO','03701149062',NULL,0,NULL),(257,NULL,3,NULL,'CILDO ELIGIO KIST','74256670025',NULL,0,NULL),(258,NULL,26,NULL,'REJANE MARIA STROM','65682394020',NULL,0,NULL),(259,NULL,3,NULL,'FABIOLA BIZATTO MANCHINI','04313284982',NULL,0,NULL),(260,NULL,3,NULL,'ANTONIO LORD','41522001034',NULL,0,NULL),(261,NULL,9,NULL,'RUBEN GERHARDT','26859300000',NULL,0,NULL),(262,NULL,3,NULL,'FERNANDO STEFFEN','00382311078',NULL,0,NULL),(263,NULL,3,NULL,'ERNI PENCK','92720102091',NULL,0,NULL),(264,NULL,20,NULL,'MERCADO BACK LTDA','902816270002311',NULL,1,NULL),(265,NULL,3,NULL,'CENO LOEBLEIN','12316768091',NULL,0,NULL),(266,NULL,3,NULL,'ELUIR LUIZ BIENERT','62232665020',NULL,0,NULL),(267,NULL,3,NULL,'JOSE NATALICIO FERREIRA DE BORBA','58742140000',NULL,0,NULL),(268,NULL,26,NULL,'PAULA TUANE FERREIRA DE OLIVEIRA','66401976004',NULL,0,NULL),(269,NULL,26,NULL,'DAIR JARDILON SINS','89787404053',NULL,0,NULL),(270,NULL,26,NULL,'REINALDO ROBERTO LINKE','81407378015',NULL,0,NULL),(271,NULL,3,NULL,'RUBI RICARDO ROHLOFF','26848872091',NULL,0,NULL),(272,NULL,3,NULL,'DEJANIR LUIS SCHMACHTENBERG','95428542004',NULL,0,NULL),(273,NULL,3,NULL,'ELENIR ELISABETE BORGMANN','99193566034',NULL,0,NULL),(274,NULL,3,NULL,'GLENIO RENZ','74869574004',NULL,0,NULL),(275,NULL,26,NULL,'NELIO LOPES DE MELLO','53507436000',NULL,0,NULL),(276,NULL,3,NULL,'ARMINDO LAUERMANN DOS SANTOS','06734553000',NULL,0,NULL),(277,NULL,3,NULL,'EVERTON DANIEL MOREIRA','02475072024',NULL,0,NULL),(278,NULL,21,NULL,'CARLOS ALBERTO BALBE MARQUES','88540081091',NULL,0,NULL),(279,NULL,26,NULL,'DANIEL KIPPER','00830238018',NULL,0,NULL),(280,NULL,3,NULL,'SELMIRO SHULDE','20134649087',NULL,0,NULL),(281,NULL,3,NULL,'ELENOR NOWOTNY','74644041068',NULL,0,NULL),(282,NULL,3,NULL,'GILMAR ROOS','59404701068',NULL,0,NULL),(283,NULL,9,NULL,'LEIA KROTH MENDONCA','63501970030',NULL,0,NULL),(284,NULL,26,NULL,'JOSÉ ELOIR DE AZEREDO','53528352000',NULL,0,NULL),(285,NULL,26,NULL,'SILVIA REGINA BAIERLE DA SILVA','42186420015',NULL,0,NULL),(286,NULL,26,NULL,'MARILDA TERESINHA SCHIMIDT LOPES','55803180068',NULL,0,NULL),(287,NULL,26,NULL,'GERALDO GRONOVALD','32015160078',NULL,0,NULL),(288,NULL,26,NULL,'ROBERTO DANIEL DOS SANTOS','03757314077',NULL,0,NULL),(289,NULL,3,NULL,'RODRIGO PRETTO','77054458087',NULL,0,NULL),(290,NULL,26,NULL,'INGRID DAIANE CABRAL DA FONTOURA','03310866033',NULL,0,NULL),(291,NULL,3,NULL,'MIGUEL HENRIQUE DA LUZ','21619395053',NULL,0,NULL),(292,NULL,3,NULL,'PAULO RODRIGO DE SAIBRO','01046011081',NULL,0,NULL),(293,NULL,26,NULL,'JEFERSON JOSE DOS SANTOS','01506780024',NULL,0,NULL),(294,NULL,3,NULL,'ROGER DA SILVEIRA MOURA','01646787005',NULL,0,NULL),(295,NULL,3,NULL,'RAUL BERNARDO SEBASTIANY','98188607053',NULL,0,NULL),(296,NULL,22,NULL,'RENAN BARTH DE JESUS','03015155067',NULL,0,NULL),(297,NULL,3,NULL,'ELOIR BECHERT','90153650087',NULL,0,NULL),(298,NULL,26,NULL,'ANDRE LUIZ THIESEN','00161370004',NULL,0,NULL),(299,NULL,3,NULL,'VALDIR LUIZ SCHUCK','74093045968',NULL,0,NULL),(300,NULL,3,NULL,'DIONATAN DA SILVA TEM PASS','04161913044',NULL,0,NULL),(301,NULL,3,NULL,'RAYMUNDO BECKER','12284084087',NULL,0,NULL),(302,NULL,3,NULL,'MARCELO PITTOL','02822047090',NULL,0,NULL),(303,NULL,23,NULL,'FABIO DUARTE DOS SANTOS','90455304068',NULL,0,NULL),(304,NULL,3,NULL,'CELSO LUIZ KIST','26130300034',NULL,0,NULL),(305,NULL,3,NULL,'SIRLENE MARIA FRANTZ ANGNES','57669546034',NULL,0,NULL),(306,NULL,3,NULL,'ALMA CRISTINA SEIDEL','50018191053',NULL,0,NULL),(307,NULL,3,NULL,'FRIGORÍFICO VIANNA','83948690002501',NULL,1,NULL),(308,NULL,3,NULL,'DOLORES INES DORR DE BRITO','66065232068',NULL,0,NULL),(309,NULL,3,NULL,'ZILA DA SILVA FETT','73293245072',NULL,0,NULL),(310,NULL,3,NULL,'DIOGO FRANCISCO DA ROSA','00744440009',NULL,0,NULL),(311,NULL,26,NULL,'LEANDRO JOSOE IOCHIMS DOS SANTOS','01656617048',NULL,0,NULL),(312,NULL,3,NULL,'VANDRESSA ANDREIA SCHWENBER LAGASSE','03013861029',NULL,0,NULL),(313,NULL,3,NULL,'JADER RENE WEBER','94492247068',NULL,0,NULL),(314,NULL,3,NULL,'CARLOS EDUARDO DOS SANTOS','95180567068',NULL,0,NULL),(315,NULL,3,NULL,'GLITON ANTONIO HERMES','52177670063',NULL,0,NULL),(316,NULL,3,NULL,'FABIANO ANDRE LAHR','01964864089',NULL,0,NULL),(317,NULL,6,NULL,'GILMAR JACOB BURGHARDT','73664510020',NULL,0,NULL),(318,NULL,3,NULL,'LOVANE KROTH BORBA','53533895068',NULL,0,NULL),(319,NULL,3,NULL,'JOSÉ PEDRO EIDT','20105479004',NULL,0,NULL),(320,NULL,3,NULL,'WILLIAN ALEXANDER DORNELLES','02646527039',NULL,0,NULL),(321,NULL,3,NULL,'NELSON MARIANO DA CRUZ','16896220082',NULL,0,NULL),(322,NULL,3,NULL,'ROQUE BECKER','54793688004',NULL,0,NULL),(323,NULL,3,NULL,'MERLI INES WEBER','31758002034',NULL,0,NULL),(324,NULL,3,NULL,'TIAGO DE AZEVEDO VARGAS','01990050018',NULL,0,NULL),(325,NULL,3,NULL,'JAIR PEREIRA','58833439020',NULL,0,NULL),(326,NULL,3,NULL,'RODRIGO RAFAEL NUNES','02309000035',NULL,0,NULL),(327,NULL,3,NULL,'EVANDRO LUIZ FAGUNDES','95392041000',NULL,0,NULL),(328,NULL,3,NULL,'SELSON ANTONIO MULLER','53849507068',NULL,0,NULL),(329,NULL,26,NULL,'SERGIO LUIS LOPES','01963681037',NULL,0,NULL),(330,NULL,3,NULL,'BENILDO JOSUEL ALGAYER','50017535034',NULL,0,NULL),(331,NULL,3,NULL,'MARCOS ANDREI MARTH','06069456017',NULL,0,NULL),(332,NULL,26,NULL,'MARCO ANTONIO DOS SANTOS BRAGA','01599839083',NULL,0,NULL),(333,NULL,26,NULL,'ELOIR LOPES DE MELO','48230987068',NULL,0,NULL),(334,NULL,3,NULL,'LUCIANO BALDO','96639768020',NULL,0,NULL),(335,NULL,6,NULL,'EVERSON KROTH','02200076088',NULL,0,NULL),(336,NULL,26,NULL,'ELOI ALVES DOS SANTOS','38126621087',NULL,0,NULL),(337,NULL,3,NULL,'ODILO HERMES','32076584072',NULL,0,NULL),(338,NULL,26,NULL,'ALMERINDO GUTERRES','45476900063',NULL,0,NULL),(339,NULL,3,NULL,'HENRIQUE JOSE DE MATTOS','01084331020',NULL,0,NULL),(340,NULL,3,NULL,'EUCLESIO MACHRY','01907328068',NULL,0,NULL),(341,NULL,3,NULL,'VALDECIR LUCIANO DA ROSA','71400044049',NULL,0,NULL),(342,NULL,9,NULL,'MARCOS SCHARNBERG','64657132091',NULL,0,NULL),(343,NULL,3,NULL,'CLAITON MACIEL PETERSEN','00522504078',NULL,0,NULL),(344,NULL,24,NULL,'GUSTAVO BULIGON','96234555004',NULL,0,NULL),(345,NULL,26,NULL,'DILSON QUEIROZ LOPES','57565074004',NULL,0,NULL),(346,NULL,26,NULL,'ELISABETE DE FATIMA DA SILVA LOPES','55097707087',NULL,0,NULL),(347,NULL,3,NULL,'PEDRO FRANCISCO LUFT','20170165000',NULL,0,NULL),(348,NULL,26,NULL,'ELIDES MOREIRA LIBIO','97574317020',NULL,0,NULL),(349,NULL,3,NULL,'CLAUDIO LEO FROLICH','14888955034',NULL,0,NULL),(350,NULL,3,NULL,'IRACEMA EVANGELISTA DA SILVA','82185794000',NULL,0,NULL),(351,NULL,3,NULL,'OLI JOAQUIM FRANCO','24114952004',NULL,0,NULL),(352,NULL,3,NULL,'CLAITON LUIS FERREIRA','00529742004',NULL,0,NULL),(353,NULL,3,NULL,'ANDRE LUIZ TREIB','55808115000',NULL,0,NULL),(354,NULL,3,NULL,'JORGE CRISTIANO DA FONSECA','00060163089',NULL,0,NULL),(355,NULL,3,NULL,'JOSE CARLOS TIRELLI','18676219087',NULL,0,NULL),(356,NULL,3,NULL,'CLAUDIO LUIZ FISCHER','02096359082',NULL,0,NULL),(357,NULL,3,NULL,'IVAN PITTOL','83996257015',NULL,0,NULL),(358,NULL,25,NULL,'GLAUBER MARINHO POSSEBON','00157117065',NULL,0,NULL),(359,NULL,3,NULL,'DECIO LENHART','58547924000',NULL,0,NULL),(360,NULL,3,NULL,'GLADES TERESINHA KONZEN','00509704026',NULL,0,NULL),(361,NULL,26,NULL,'JAIRO LUIS SEVERO','69598010015',NULL,0,NULL),(362,NULL,26,NULL,'JOSE IRINEU ZINN','32006195034',NULL,0,NULL),(363,NULL,26,NULL,'TALIA MICHELS FRANCISCO','03633601074',NULL,0,NULL),(364,NULL,3,NULL,'MARIA ELCIDA DOS ANJOS','00195807030',NULL,0,NULL),(365,NULL,3,NULL,'CARLA ADRIANA CHAVES','97170070049',NULL,0,NULL),(366,NULL,3,NULL,'MILTON STAHL DOS SANTOS','38599996053',NULL,0,NULL),(367,NULL,3,NULL,'ARLI GILBERTO BARTHOLDY','21878633015',NULL,0,NULL),(368,NULL,3,NULL,'LAERCIO GILMAR BORRE','89707974087',NULL,0,NULL),(369,NULL,3,NULL,'JOAO ROHENKOHL BRANDÃO','19525702049',NULL,0,NULL),(370,NULL,3,NULL,'ANTONIO FEIDEN','20133804020',NULL,0,NULL),(371,NULL,3,NULL,'JULIO LUIZ EISENBERGER','81079630082',NULL,0,NULL),(372,NULL,3,NULL,'ELISA CRISTINA BACK','97631299072',NULL,0,NULL),(373,NULL,3,NULL,'JONAS RICARDO HEINEN','00327888008',NULL,0,NULL),(374,NULL,9,NULL,'COOP DALIA  ALIMENTOS','893052390083201',NULL,1,NULL),(375,NULL,3,NULL,'ANA MARIA DE OLIVEIRA','57670161000',NULL,0,NULL),(376,NULL,26,NULL,'IGOR LEONARDO SEVERO','03937782079',NULL,0,NULL),(377,NULL,26,NULL,'DILSON EVALDO KROTH','36964514015',NULL,0,NULL),(378,NULL,26,NULL,'ANTONIO LOPES DE MELLO','17373271049',NULL,0,NULL),(379,NULL,3,NULL,'ALSENO POHL','03772527000',NULL,0,NULL),(380,NULL,27,NULL,'DINIZ COSTA BEBBER','39173135020',NULL,0,NULL),(381,NULL,3,NULL,'VALMOR KIST','59355395000',NULL,0,NULL),(382,NULL,26,NULL,'DILSON ORIVAL LOPES','42041732091',NULL,0,NULL),(383,NULL,26,NULL,'ELVIO JOCHIMS','06286160078',NULL,0,NULL),(384,NULL,26,NULL,'JULIO ROBERTO DA FONTOURA','00128028084',NULL,0,NULL),(385,NULL,3,NULL,'MIGUEL INACIO LUFT','38538113020',NULL,0,NULL),(386,NULL,26,NULL,'FRANCINE MORAES LOPES','02707121002',NULL,0,NULL),(387,NULL,3,NULL,'MARIA LUISA DOS SANTOS','00871007037',NULL,0,NULL),(388,NULL,3,NULL,'ANDERSON DANIEL DELAVY','00916407098',NULL,0,NULL),(389,NULL,26,NULL,'JOAO RUI SCHIMUNECK','23050071087',NULL,0,NULL),(390,NULL,3,NULL,'EDIO JOSE DE CARVALHO','65306040063',NULL,0,NULL),(391,NULL,26,NULL,'ARNOLDO LINCK','63501449020',NULL,0,NULL),(392,NULL,3,NULL,'DIONATON ZAGENA','00607235055',NULL,0,NULL),(393,NULL,26,NULL,'SALO BANDEIRA PREUSS','02441216058',NULL,0,NULL),(394,NULL,3,NULL,'MARISA WALKER BENCKE','76788504091',NULL,0,NULL),(395,NULL,3,NULL,'CARMO EBERHARDT','00078389054',NULL,0,NULL),(396,NULL,26,NULL,'JOSE MELO DE CARVALHO','32008406091',NULL,0,NULL),(397,NULL,3,NULL,'RAFAEL ANDRE RICHTER','02477316095',NULL,0,NULL),(398,NULL,26,NULL,'DERCI LUCIANO DE BRITO','95726055004',NULL,0,NULL),(399,NULL,3,NULL,'FERNANDO DELFINO LOURENÇO','02772994031',NULL,0,NULL),(400,NULL,3,NULL,'GUILHERME GOMES DA SILVA','02507529059',NULL,0,NULL),(401,NULL,3,NULL,'GILMAR LUIS BAIERLE','64166813072',NULL,0,NULL),(402,NULL,3,NULL,'FRANCISCO XAVIER RECKZIEGEL BERSCH','44780818087',NULL,0,NULL),(403,NULL,3,NULL,'EDOARDO JACO BRANDT','01263177042',NULL,0,NULL),(404,NULL,3,NULL,'JOSE LUIZ KIST','34714928953',NULL,0,NULL),(405,NULL,3,NULL,'VALDIR ALFONSO KOLBERG','68673655072',NULL,0,NULL),(406,NULL,3,NULL,'MARCUS FERNANDO HEINEN','57117179015',NULL,0,NULL),(407,NULL,3,NULL,'FERNANDO KNIES','83663991091',NULL,0,NULL),(408,NULL,3,NULL,'CLAUDIOMIRO BOCHI','55105262034',NULL,0,NULL),(409,NULL,26,NULL,'ROBERTO SCHIMUNECK','01198620005',NULL,0,NULL),(410,NULL,3,NULL,'AURIEL EVERTON DE QUASROS','00448659026',NULL,0,NULL),(411,NULL,26,NULL,'NATERCIO LAUTERIO WON BOSTEL','62953672087',NULL,0,NULL),(412,NULL,28,NULL,'IDI MIRAPALHETE DIAS DE OLIVEIRA','94910189068',NULL,0,NULL),(413,NULL,3,NULL,'EDUARDO ANICET RUTHSCHILLING','00038756013',NULL,0,NULL),(414,NULL,26,NULL,'MARCELO DE LIMA SÁ','03663268055',NULL,0,NULL),(415,NULL,3,NULL,'LEANDRO RAFAEL SILVA','00081806019',NULL,0,NULL),(416,NULL,26,NULL,'ALESSANDRO CRISTIAN BANDEIRA','81088337015',NULL,0,NULL),(417,NULL,3,NULL,'EDNILSON GAVA','03783025907',NULL,0,NULL),(418,NULL,3,NULL,'SILVIO JOSE DOS SANTOS','73665240000',NULL,0,NULL),(419,NULL,3,NULL,'GUILHERME KNIES','82209197015',NULL,0,NULL),(420,NULL,3,NULL,'C. HEUSER FRIGORÍFICO EIRELI','887928900001621',NULL,1,NULL),(421,NULL,18,NULL,'AGNALDO MARTINS DOS SANTOS','95770704004',NULL,0,NULL),(422,NULL,3,NULL,'NERI DO NASCIMENTO LTDA','167062210001101',NULL,1,NULL),(423,NULL,3,NULL,'ERNI CARLOS SENA DE ALMEIDA','21978158068',NULL,0,NULL),(424,NULL,3,NULL,'ANTONIO ADRIANO MALLMANN','52339351049',NULL,0,NULL),(425,NULL,3,NULL,'JOAO LUIS KIST','68090137091',NULL,0,NULL),(426,NULL,3,NULL,'ANDERSON ALEXANDRE FREDA','01873798075',NULL,0,NULL),(427,NULL,29,NULL,'PAULO ROBERTO CARNELLOSSO GUERRA','02575315050',NULL,0,NULL),(428,NULL,3,NULL,'IRIO JOSE FREY','40892417072',NULL,0,NULL),(429,NULL,26,NULL,'RICARDO LUIS MULLER','01545821070',NULL,0,NULL),(430,NULL,3,NULL,'LUIZ HENRIQUE LOPES','00478216041',NULL,0,NULL),(431,NULL,6,NULL,'MIGUEL JOSE BECKER','47071753091',NULL,0,NULL),(432,NULL,3,NULL,'ANA LUCIA TREIB','01637753039',NULL,0,NULL),(433,NULL,3,NULL,'MARCEL PEREIRA','00532395042',NULL,0,NULL),(434,NULL,3,NULL,'ELIAS FELIPE CORREA SILVA','03860049003',NULL,0,NULL),(435,NULL,3,NULL,'FERNANDO SEBBEN','00219021007',NULL,0,NULL),(436,NULL,3,NULL,'JONES MIGUEL RUPPENTHAL','97380059068',NULL,0,NULL),(437,NULL,3,NULL,'ARTUR RODRIGUES LEOPOLDO','96121785004',NULL,0,NULL),(438,NULL,3,NULL,'AMARO LUIZ ESPINDOLA','29130743087',NULL,0,NULL),(439,NULL,30,NULL,'VANDERLEI PILLON','36406970063',NULL,0,NULL),(440,NULL,3,NULL,'LETICIA BEATRIZ KAPPAUNN','02870094086',NULL,0,NULL),(441,NULL,3,NULL,'EVA BRANDÃO REIS','66951003068',NULL,0,NULL),(442,NULL,3,NULL,'DOUGLAS EZEQUIEL DA SILVA','02900862051',NULL,0,NULL),(443,NULL,3,NULL,'REJANE ISABEL DA SILVA','60372150063',NULL,0,NULL),(444,NULL,3,NULL,'ILSE TEREZA BENDER RIBEIRO','66496314004',NULL,0,NULL),(445,NULL,3,NULL,'JOQUEI CLUBE DE VENANCIO AIRES','985959290001051',NULL,1,NULL),(446,NULL,2,NULL,'DILMAR JOSÉ NICOLETTI','63608570063',NULL,0,NULL),(447,NULL,3,NULL,'EDIMILSON DE MORAES','02840329050',NULL,0,NULL),(448,NULL,3,NULL,'MARCIO RENZ','97553301000',NULL,0,NULL),(449,NULL,31,NULL,'NAIRO LUIZ VIEIRA ZAFALON','92779107049',NULL,0,NULL),(450,NULL,3,NULL,'MARINO ROOS','59428538000',NULL,0,NULL),(451,NULL,3,NULL,'MAIARA NUNES','02522189069',NULL,0,NULL),(452,NULL,3,NULL,'DIOGO HENKES','01088675018',NULL,0,NULL),(453,NULL,26,NULL,'LUIZ INACIO DA ROSA','01782906029',NULL,0,NULL),(454,NULL,3,NULL,'SANDRA MARIA HAAS','00328785083',NULL,0,NULL),(455,NULL,3,NULL,'CESAR AUGUSTO SA SILVA VIANA','00861729056',NULL,0,NULL),(456,NULL,3,NULL,'JOSE CARLOS BACK','31300855053',NULL,0,NULL),(457,NULL,26,NULL,'LAURIVAL SANTOS DE CARVALHO','33012466053',NULL,0,NULL),(458,NULL,3,NULL,'MARIO KESSLER','46569413015',NULL,0,NULL),(459,NULL,6,NULL,'ROQUE JOSE HEINEN','18672230078',NULL,0,NULL),(460,NULL,3,NULL,'GILBERTO DA SILVA FERREIRA','41812115091',NULL,0,NULL),(461,NULL,32,NULL,'VOLMIR PEDRO CAPITANIO','46143220000',NULL,0,NULL),(462,NULL,3,NULL,'RICARDO DA SILVA FIEGENBAUM','02906682047',NULL,0,NULL),(463,NULL,6,NULL,'ODEMIR ANTONIO GUTERRES DE CARVALHO','20508409004',NULL,0,NULL),(464,NULL,33,NULL,'MARIA EDUARDA AMARAL FACCO','04817606010',NULL,0,NULL),(465,NULL,34,NULL,'WILLIAN ALEXANDRE PORTO','04046702028',NULL,0,NULL),(466,NULL,26,NULL,'NOEMIA RAUBER','29987423000',NULL,0,NULL),(467,NULL,35,NULL,'ODILON COTICA','16809858091',NULL,0,NULL),(468,NULL,36,NULL,'CARLOS EDUARDO OURIQUES NASCIMENTO','55478328049',NULL,0,NULL),(469,NULL,6,NULL,'PAULO ROBERTO PILZ','39589005004',NULL,0,NULL),(470,NULL,37,NULL,'MAURO SOUZA BONOTTO','43437397087',NULL,0,NULL),(471,NULL,26,NULL,'PAULO ALMIR FERREIRA','92354459068',NULL,0,NULL),(472,NULL,26,NULL,'DANIEL SILVIO DE MORAES','17500265034',NULL,0,NULL),(473,NULL,26,NULL,'JOAO ANTONIO JARDIM MOREIRA','03297487003',NULL,0,NULL),(474,NULL,28,NULL,'MARIA DA GRAÇA GARCIA SILVEIRA','94064180020',NULL,0,NULL),(475,NULL,26,NULL,'ANTONIO LUIZ DOS SANTOS CARVALHO','20261241087',NULL,0,NULL),(476,NULL,26,NULL,'EVERTON LUIZ HERMES','02514449022',NULL,0,NULL),(477,NULL,17,NULL,'DEBORAH REGINA DE OLIVEIRA OZORIO','95985026000',NULL,0,NULL),(478,NULL,17,NULL,'DIRCEU NUNES MARTINS','13892487049',NULL,0,NULL),(479,NULL,17,NULL,'ODILON JÚNIOR HERNANDES DE OLIVEIRA','02092171038',NULL,0,NULL),(480,NULL,3,NULL,'ANA PAULA POSSELT','01413285090',NULL,0,NULL),(481,NULL,3,NULL,'LUIZ NICOLAU LOPES DE SOUZA','49636731004',NULL,0,NULL),(482,NULL,3,NULL,'DANUSA MARIA OESTERREICH','04478313059',NULL,0,NULL),(483,NULL,38,NULL,'RENI ASSIS CARGNIN STEFANELLO','17589592072',NULL,0,NULL),(484,NULL,8,NULL,'RUBIA ANDRESSA DA SILVA FUMEGALI','03378912065',NULL,0,NULL),(485,NULL,3,NULL,'GABRIEL DO NASCIMENTO HECK','04019971030',NULL,0,NULL),(486,NULL,3,NULL,'CELSO ELVINO BARTHOLDY','50340093072',NULL,0,NULL),(487,NULL,3,NULL,'THERESINHA THEISEN SCHWENDLER','96956674068',NULL,0,NULL),(488,NULL,26,NULL,'ERALDO LUIZ HISTER','37270362068',NULL,0,NULL),(489,NULL,3,NULL,'CIRLEI DA ROSA FERREIRA','97675261020',NULL,0,NULL),(490,NULL,38,NULL,'HELIO ANTONIO ORTIZ ZAVAGNA','05938350000',NULL,0,NULL),(491,NULL,26,NULL,'ODAIR BAIERLE','92028241004',NULL,0,NULL),(492,NULL,6,NULL,'LUCIANO JOSE HENCKES','94121532015',NULL,0,NULL),(493,NULL,26,NULL,'ONEZIO LUCIANO DA ROSA','44720386091',NULL,0,NULL),(494,NULL,39,NULL,'LEONILDO FORMIGHIERI','36042463004',NULL,0,NULL),(495,NULL,26,NULL,'JOSE GUILHERME DE MORAES','58976396049',NULL,0,NULL),(496,NULL,26,NULL,'JOLASTICA DE MORAES','78021472049',NULL,0,NULL),(497,NULL,3,NULL,'EVANDRO DA ROSA','70125627068',NULL,0,NULL),(498,NULL,26,NULL,'EVANDIR AZEREDO','69597820072',NULL,0,NULL),(499,NULL,3,NULL,'CELSON FALEIRO','70650730097',NULL,0,NULL),(500,NULL,3,NULL,'JANDIR DA SILVA','53417658004',NULL,0,NULL),(501,NULL,26,NULL,'DAIANE FERREIRA FAGUNDES','03701141088',NULL,0,NULL),(502,NULL,9,NULL,'TALLES SEIBERT','02520223006',NULL,0,NULL),(503,NULL,9,NULL,'C.T.G. RANCHO VELHO','53827250001051',NULL,1,NULL),(504,NULL,26,NULL,'NELSON BAIERLE','73484512091',NULL,0,NULL),(505,NULL,26,NULL,'SELMO BAIERLE FAGUNDES','57565732087',NULL,0,NULL),(506,NULL,3,NULL,'RODRIGO VIANA DANIEL','95375570068',NULL,0,NULL),(507,NULL,3,NULL,'DANILO ROYER','20505000091',NULL,0,NULL),(508,NULL,3,NULL,'ARLINDO HELFF','22736441087',NULL,0,NULL),(509,NULL,3,NULL,'CLAIR DA SILVA SANTIAGO','94092397020',NULL,0,NULL),(510,NULL,3,NULL,'ROBERTO LUIS KAMPHORST','00344179079',NULL,0,NULL),(511,NULL,3,NULL,'IRINEU BAIERLE','19054343087',NULL,0,NULL),(512,NULL,25,NULL,'NELSON BASTOS PINTO','34499571049',NULL,0,NULL),(513,NULL,3,NULL,'EVANDRO STHOR','77770625068',NULL,0,NULL),(514,NULL,3,NULL,'JOSE ADEMAR MELCHIOR','22967737020',NULL,0,NULL),(515,NULL,3,NULL,'PEDRO FRLIPPE DOS SANTOS','44454546053',NULL,0,NULL),(516,NULL,3,NULL,'WALMOR CORDEIRO MACHADO','40204715091',NULL,0,NULL),(517,NULL,3,NULL,'CLAUDIOMAR GREGORY AGROPECUÁRIA','148744450001051',NULL,1,NULL),(518,NULL,3,NULL,'LORI BERNADETE COUTINHO','44589735091',NULL,0,NULL),(519,NULL,40,NULL,'MARIA TEREZA CARNEIRO DE MACEDO','38854520063',NULL,0,NULL),(520,NULL,3,NULL,'HERTA LUCIA SCHONS HEINEN','50530917068',NULL,0,NULL),(521,NULL,3,NULL,'NELSON MARTINHO DORNELLES','11020601000',NULL,0,NULL),(522,NULL,4,NULL,'DIVANIO PILAR DE CARVALHO','01569574006',NULL,0,NULL),(523,NULL,3,NULL,'SEMILDA DE FATIMA ROSA','55104975053',NULL,0,NULL),(524,NULL,3,NULL,'JOÃO HENRIQUE BOCK','01721013016',NULL,0,NULL),(525,NULL,25,NULL,'LUIS CLAUDIO ROSSO BETIM','56883897020',NULL,0,NULL),(526,NULL,3,NULL,'FLAVIO JOSE BIENERT','24115673087',NULL,0,NULL),(527,NULL,3,NULL,'JOSE RENATO DE PAULA','50367013053',NULL,0,NULL),(528,NULL,26,NULL,'SILVIO ANDRE KROTH','55097600010',NULL,0,NULL),(529,NULL,41,NULL,'ANA ALICE DA SILVEIRA SUNE','70706182049',NULL,0,NULL),(530,NULL,3,NULL,'ANDRE LUIS DOS REIS MACHADO','81922746000',NULL,0,NULL),(531,NULL,42,NULL,'PIRAY PRODUC AGRICOLA LTDA','525206500001611',NULL,1,NULL),(532,NULL,26,NULL,'NAURE CLARICE RODRIGUES DOS SANTOS','92171052015',NULL,0,NULL),(533,NULL,26,NULL,'TOMAS KAPPAUN','19674937072',NULL,0,NULL),(534,NULL,26,NULL,'LAURO JOSÉ LOPES','16564316020',NULL,0,NULL),(535,NULL,26,NULL,'SILVIO BAIERLE','78073898004',NULL,0,NULL),(536,NULL,26,NULL,'FLUVIO JANISCH','68817711004',NULL,0,NULL),(537,NULL,26,NULL,'GENTIL LOPES DO NASCIMENTO','28573773049',NULL,0,NULL),(538,NULL,26,NULL,'GUILHERME LUIZ IOCHIMS','01832673030',NULL,0,NULL),(539,NULL,26,NULL,'ARIEL ARTUR DOS SANTOS FAGUNDES','02610631030',NULL,0,NULL),(540,NULL,26,NULL,'PAULO MARCIO CAMARGO DA SILVEIRA','02451666021',NULL,0,NULL),(541,NULL,26,NULL,'LUIS FERNANDO LOPES','90200306049',NULL,0,NULL),(542,NULL,26,NULL,'DILOMAR LOPES DOS SANTOS','71151699004',NULL,0,NULL),(543,NULL,3,NULL,'SERGIO ANTONIO DORR','44589395053',NULL,0,NULL),(544,NULL,3,NULL,'VANESSA TAMARA RODRIGUES','03992651045',NULL,0,NULL),(545,NULL,3,NULL,'PAULO SERGIO DORR','04009607025',NULL,0,NULL),(546,NULL,26,NULL,'RUBI ARLINDO LINKE','93868243020',NULL,0,NULL),(547,NULL,3,NULL,'JOAO BATISTA FALEIRO','53116607087',NULL,0,NULL),(548,NULL,3,NULL,'PAULO ELOI ZARTH','66950244053',NULL,0,NULL),(549,NULL,9,NULL,'SEBASTIAO SANTANA FERREIRA','04108851005',NULL,0,NULL),(550,NULL,26,NULL,'MATEUS HENIRIQUE LINCKE FERREIRA','04029301002',NULL,0,NULL),(551,NULL,26,NULL,'JOSE ALVICIO KAUFFMAN','13831135053',NULL,0,NULL),(552,NULL,26,NULL,'PAULO RICARDO LOPES DO NASCIMENTO','03846043079',NULL,0,NULL),(553,NULL,26,NULL,'QUIDO HAAS','16706374091',NULL,0,NULL),(554,NULL,3,NULL,'LOTARIO CAMARA JUNIOR','03681162042',NULL,0,NULL),(555,NULL,9,NULL,'LEOMAR CAMARGO DA SILVEIRA','01805896016',NULL,0,NULL),(556,NULL,26,NULL,'MARINO LUIZ KIPPER','60149639015',NULL,0,NULL),(557,NULL,3,NULL,'FRIGORÍFICO SAPÉ','971648340001741',NULL,1,NULL),(558,NULL,43,NULL,'MARGARIDA KOHLER EINHARDT','54020905053',NULL,0,NULL),(559,NULL,9,NULL,'PAULO CESAR LEHMEN','58594604068',NULL,0,NULL),(560,NULL,3,NULL,'RODRIGO JUNGES','00819602043',NULL,0,NULL),(561,NULL,3,NULL,'LUIS FELIPE BENDER','03715756055',NULL,0,NULL),(562,NULL,3,NULL,'TIAGO JARDEL BRESLER','00599705027',NULL,0,NULL),(563,NULL,40,NULL,'ALISIO BRESSA','30467543020',NULL,0,NULL),(564,NULL,3,NULL,'CRISTIAN ELIAS MACHADO DA SILVA','02770941003',NULL,0,NULL),(565,NULL,3,NULL,'JOSE VALDEMIR DA SILVA','50774131004',NULL,0,NULL),(566,NULL,3,NULL,'MARIA CLARICE RIBEIRO JESSOF','96812370053',NULL,0,NULL),(567,NULL,3,NULL,'ALEX LUCIANO SEHNEN','01682449009',NULL,0,NULL),(568,NULL,3,NULL,'CARLOS ROBERTO KESSLER','00276708059',NULL,0,NULL),(569,NULL,3,NULL,'VALMIR BENTO CARDOSO','00575330082',NULL,0,NULL),(570,NULL,44,NULL,'LEONARDO EBERT HAMM','67297927015',NULL,0,NULL),(571,NULL,26,NULL,'ROBERTO ANDRE NICOLAY','63536080049',NULL,0,NULL),(572,NULL,3,NULL,'NAIRA CRISTIANE SCHWAIKART','98026674019',NULL,0,NULL),(573,NULL,3,NULL,'JOAO BATISTA SCHNEIDER','45417911020',NULL,0,NULL),(574,NULL,9,NULL,'EVANDRO MORAES DE SOUZA','00021354006',NULL,0,NULL),(575,NULL,45,NULL,'CASSIANO LOPES DE AVELAR','04142511050',NULL,0,NULL),(576,NULL,26,NULL,'RENATO FRANCISCO DA ROSA','64167003015',NULL,0,NULL),(577,NULL,3,NULL,'NELCI TEREZINHA RABUSKE','94216703020',NULL,0,NULL),(578,NULL,46,NULL,'ILTON DE OLIVEIRA BOLACELL','27562433020',NULL,0,NULL),(579,NULL,3,NULL,'LUTERO MARTINHO HERINGER','15464245049',NULL,0,NULL),(580,NULL,6,NULL,'JOSE TEODORO','97324671934',NULL,0,NULL),(581,NULL,9,NULL,'JORGE NEI ROSA DA SILVA','58811338034',NULL,0,NULL),(582,NULL,6,NULL,'SIRLENE MARIA REITER NYELAND','00350538018',NULL,0,NULL),(583,NULL,26,NULL,'DENI JURANDIR SILVA DOS SANTOS','00878834060',NULL,0,NULL),(584,NULL,11,NULL,'ALDOMIR RISON','39069826020',NULL,0,NULL),(585,NULL,3,NULL,'CRISTIANO JOSE SIMON','95387552000',NULL,0,NULL),(586,NULL,47,NULL,'MAURICIO LAMPERT WEIAND','91757363068',NULL,0,NULL),(587,NULL,3,NULL,'GELSON FONTES RODRIGUES','69926689000',NULL,0,NULL),(588,NULL,3,NULL,'VANDERLEI FURTADO','00451532058',NULL,0,NULL),(589,NULL,48,NULL,'VERA LUCIA FASSINI','91399114034',NULL,0,NULL),(590,NULL,26,NULL,'MIGUEL ELPIDIO DOS SANTOS','61408484072',NULL,0,NULL),(591,NULL,3,NULL,'OLAVIO ANTONIO RODRIGUES DA SILVA','20518102068',NULL,0,NULL),(592,NULL,6,NULL,'OTILIO CAETANO','26859220082',NULL,0,NULL),(593,NULL,3,NULL,'MACIEL ANTONIO DE CARVALHO','02136075063',NULL,0,NULL),(594,NULL,3,NULL,'DIOLVONI DE BORBA','01366942094',NULL,0,NULL),(595,NULL,3,NULL,'MICAELA FATIMA REGINATTO','03856110054',NULL,0,NULL),(596,NULL,3,NULL,'PRISCILA GRAZIELE REGINATTO','02643599098',NULL,0,NULL),(597,NULL,3,NULL,'ANTONIO LUIS SANTIAGO','55808433053',NULL,0,NULL),(598,NULL,49,NULL,'DINO SEBBEN','27948056068',NULL,0,NULL),(599,NULL,26,NULL,'RONI LUIZ CAMARGO DA SILVEIRA','03255659027',NULL,0,NULL),(600,NULL,3,NULL,'ANTONIO CARLOS SOARES','48852406034',NULL,0,NULL),(601,NULL,3,NULL,'INACIO RAUL DOS SANTOS','508074880001311',NULL,1,NULL),(602,NULL,26,NULL,'ERONEU ALCINO LINCH','29936012020',NULL,0,NULL),(603,NULL,3,NULL,'JAIR DIAS DE OLIVEIRA','00282118047',NULL,0,NULL),(604,NULL,3,NULL,'TCHARLES PETRY SOARES','03157988077',NULL,0,NULL),(605,NULL,26,NULL,'CLAUDIO PICK','34077758068',NULL,0,NULL),(606,NULL,9,NULL,'RENI DA SILVA HERTZ','58593950000',NULL,0,NULL),(607,NULL,3,NULL,'PAULO TAVARES','54136180004',NULL,0,NULL),(608,NULL,3,NULL,'CLAUDINEI AVELINO ZONTA','78302692034',NULL,0,NULL),(609,NULL,26,NULL,'ONEZIO LOPES DOS SANTOS','20260547034',NULL,0,NULL),(610,NULL,3,NULL,'PEDRO RIEDEL','32078943053',NULL,0,NULL),(611,NULL,3,NULL,'TAINA APARECIDA DA SILVA LOPES','82901880053',NULL,0,NULL),(612,NULL,3,NULL,'ARNALDO KELLER','14890585087',NULL,0,NULL),(613,NULL,3,NULL,'TEREZINHA FRANCO','73756482049',NULL,0,NULL),(614,NULL,50,NULL,'LUIZ CARLOS CAPRA','30782848087',NULL,0,NULL),(615,NULL,3,NULL,'SANDRO MORETE VIEIRA','95554602053',NULL,0,NULL),(616,NULL,3,NULL,'JARDEL SCHWINGEL MARTINS','82107807000',NULL,0,NULL),(617,NULL,3,NULL,'CRISTIANO GONÇALVES','78812704034',NULL,0,NULL),(618,NULL,26,NULL,'ADIRLEI DOS SANTOS BANDEIRA','46330119015',NULL,0,NULL),(619,NULL,3,NULL,'JOEL FABIANO PEREIRA','96801662015',NULL,0,NULL),(620,NULL,6,NULL,'JOÃO ELSON MOREIRA','56712022053',NULL,0,NULL),(621,NULL,26,NULL,'MARCIA ELENA SEHN DA FONSECA','69293180006',NULL,0,NULL),(622,NULL,26,NULL,'VERNOIL FAGUNDES','28157036020',NULL,0,NULL),(623,NULL,26,NULL,'OLAIR DA ROSA','92354246072',NULL,0,NULL),(624,NULL,3,NULL,'FLAVIO WEISS','66950937091',NULL,0,NULL),(625,NULL,3,NULL,'IRIO LENHARDT','01658620097',NULL,0,NULL),(626,NULL,26,NULL,'CELIA LOPES DOS SANTOS','57566372068',NULL,0,NULL),(627,NULL,3,NULL,'SILVIO ANTONIO FERREIRA','98033026049',NULL,0,NULL),(628,NULL,3,NULL,'PAULO ALBERTO DEVALD','25222899004',NULL,0,NULL),(629,NULL,3,NULL,'MARCELO ROSA MUNHOZ','29893305004',NULL,0,NULL),(630,NULL,3,NULL,'VALDECIR JOSE ILHA','01114931020',NULL,0,NULL),(631,NULL,3,NULL,'LILIAN REGINA BOCK DE PAULA','02844619037',NULL,0,NULL),(632,NULL,3,NULL,'ARNO JOSE SCHONS','38423413004',NULL,0,NULL),(633,NULL,3,NULL,'MARISA WALTER BENCKE','76788504091',NULL,0,NULL),(634,NULL,3,NULL,'THEOBALDO FERREIRA SANER','24122556015',NULL,0,NULL),(635,NULL,26,NULL,'ALEXANDRE JOSE MULLER','68770472068',NULL,0,NULL),(637,NULL,3,NULL,'SIDNEI FALEIRO','64661482034',NULL,0,NULL),(638,NULL,26,NULL,'GERSON GILMAR DA SILVEIRA','57846111000',NULL,0,NULL),(639,NULL,3,NULL,'DARLAN MATEUS SACKSER','02655723040',NULL,0,NULL),(640,NULL,51,NULL,'BIANCHINI SA','875480200002601',NULL,1,NULL),(641,NULL,3,NULL,'MARLENE SANTIAGO','73292214068',NULL,0,NULL),(642,NULL,3,NULL,'DIRLEI ANDRE HOLSCHU','00431304025',NULL,0,NULL),(643,NULL,6,NULL,'EDENILSON MIRANDA VERNEQUE','00299813010',NULL,0,NULL),(644,NULL,52,NULL,'LEOPOLDO SCHOENARDIE','06837964020',NULL,0,NULL),(645,NULL,3,NULL,'MARCOS AURELIO FUNCK','58538623087',NULL,0,NULL),(646,NULL,3,NULL,'DIOGO MANOEL DOS SANTOS','04852299005',NULL,0,NULL),(647,NULL,6,NULL,'CAMILA TERESINHA DIETRICH KESSLER','01922923079',NULL,0,NULL),(648,NULL,3,NULL,'MAURICIO LUIS SCHUSTER','04421226084',NULL,0,NULL),(649,NULL,3,NULL,'ELI FERREIRA','99427761091',NULL,0,NULL),(650,NULL,3,NULL,'SELOI LANG','28851340030',NULL,0,NULL),(651,NULL,26,NULL,'RICARDO DO NASCIMENTO LOPES FILHO','40194841049',NULL,0,NULL),(652,NULL,3,NULL,'HILDOR JOAO JANTSCH','20823576000',NULL,0,NULL),(653,NULL,26,NULL,'VALMIR PAULO ALGAYER','38584441034',NULL,0,NULL),(654,NULL,3,NULL,'GUSTAVO HENRIQUE FERREIRA','02453640054',NULL,0,NULL),(655,NULL,3,NULL,'LETICIA ANDRESSA DAHM','03328477055',NULL,0,NULL),(656,NULL,3,NULL,'JOAO CARLOS SCHONS','11019697091',NULL,0,NULL),(657,NULL,26,NULL,'LEANDRO WESCHENFELDER','92560857049',NULL,0,NULL),(658,NULL,3,NULL,'MARCELO DANIEL STULP','00249400030',NULL,0,NULL),(659,NULL,26,NULL,'VANDERLEI HERMES','70126437068',NULL,0,NULL),(660,NULL,3,NULL,'JOAO VITORIO FRITSCH','53534000030',NULL,0,NULL),(661,NULL,6,NULL,'ODAIR JOSE MATHES','65306112072',NULL,0,NULL),(662,NULL,26,NULL,'FABIANO ANDRE ASSMANN','90880102004',NULL,0,NULL),(663,NULL,53,NULL,'IVAN TORRES BARCELLOS','29062497004',NULL,0,NULL),(664,NULL,3,NULL,'GABRIEL DE JESUS SCHENA','03947888007',NULL,0,NULL),(665,NULL,26,NULL,'AUREO JOSE DE MORAES','00041189019',NULL,0,NULL),(666,NULL,26,NULL,'AUREO HERMES','88557006004',NULL,0,NULL),(667,NULL,3,NULL,'NELSON ANTONIO WEBER','39767965068',NULL,0,NULL),(668,NULL,3,NULL,'ELAINE WEBER ERTEL','70651264049',NULL,0,NULL),(669,NULL,3,NULL,'DARCI JOAO BALD','38600021049',NULL,0,NULL),(670,NULL,26,NULL,'JORGE ARNILDO RODRIGUES CARVALHO','53272129049',NULL,0,NULL),(671,NULL,26,NULL,'JACIARA GISELI DE BORBA RODRIGUES','00599243066',NULL,0,NULL),(672,NULL,3,NULL,'ERI WEISS','21397724072',NULL,0,NULL),(673,NULL,3,NULL,'GERSON PEREIRA DA ROSA','52185141015',NULL,0,NULL),(674,NULL,3,NULL,'CRISTIANO AUGUSTO HENN','00070362050',NULL,0,NULL),(675,NULL,26,NULL,'IVO PAULO HISTER','21683646053',NULL,0,NULL),(676,NULL,26,NULL,'IDUARDO EICHELBERGER DE MELLO','57565805068',NULL,0,NULL),(677,NULL,3,NULL,'PAULO MARCELO DE BITTENCOURT','56327510078',NULL,0,NULL),(678,NULL,3,NULL,'ORNELIO BERNARDO FUNK','45417989053',NULL,0,NULL),(679,NULL,6,NULL,'NERCY ALOISIUS PILZ','20819072087',NULL,0,NULL),(680,NULL,3,NULL,'CLEOMAR RIESE','49604635034',NULL,0,NULL),(681,NULL,3,NULL,'MARIA SCHIRLEY STEIN ANTONIO','29130506034',NULL,0,NULL),(682,NULL,26,NULL,'ROBERTO ALFREDO JAHNKE','45525978091',NULL,0,NULL),(683,NULL,3,NULL,'RUDI VOGEL','36219096053',NULL,0,NULL),(684,NULL,3,NULL,'FERNANDA IARA HAAS','02115282000',NULL,0,NULL),(685,NULL,3,NULL,'AUGUSTO JOSE FRANCO','03139882009',NULL,0,NULL),(686,NULL,3,NULL,'SERGIO ANTONIO SCHLOSSER','37941372053',NULL,0,NULL),(687,NULL,3,NULL,'HARRY ORNELIO STAHL','20513828087',NULL,0,NULL),(688,NULL,3,NULL,'NESTOR JOAO HEINEN','24120863034',NULL,0,NULL),(689,NULL,3,NULL,'ENIO ELLERT','01895109000',NULL,0,NULL),(690,NULL,26,NULL,'CLAUDIO BARTZ','56213840087',NULL,0,NULL),(691,NULL,26,NULL,'ELIO HELFER','13830902034',NULL,0,NULL),(692,NULL,26,NULL,'PAULO LEANDRO ALVES','99304511020',NULL,0,NULL),(693,NULL,3,NULL,'LUIMAR FLORES BRASEIRO','60961198087',NULL,0,NULL),(694,NULL,26,NULL,'NUBIA ANDREIA KAUFMANN BARTZ','63723158072',NULL,0,NULL),(695,NULL,3,NULL,'MARIO ROSINEI ILHA','00120873001',NULL,0,NULL),(696,NULL,3,NULL,'AURI PEREIRA DA SILVA','60562781072',NULL,0,NULL),(697,NULL,3,NULL,'NESTOR SCHWINN','18671080030',NULL,0,NULL),(698,NULL,3,NULL,'LEONIR STEIN','95937919068',NULL,0,NULL),(699,NULL,3,NULL,'ODANILO FRANCO','41522443053',NULL,0,NULL),(700,NULL,3,NULL,'ARI SCHULZ','04020256501',NULL,0,NULL),(701,NULL,3,NULL,'DIRCEU BACK FISCHBON','99381010030',NULL,0,NULL),(702,NULL,3,NULL,'CLAUDIO MARQUES MACHADO','59722223020',NULL,0,NULL),(703,NULL,3,NULL,'CELSO ADEMIR FERREIRA','90071905049',NULL,0,NULL),(704,NULL,3,NULL,'ASUIR JOAO SILBERSCHLAG','22960511034',NULL,0,NULL),(705,NULL,6,NULL,'ARIEL MALDANER','02183491005',NULL,0,NULL),(706,NULL,3,NULL,'WILIBALDO GERMANO LEHMEN','01895036020',NULL,0,NULL),(707,NULL,3,NULL,'MARCOS JOSE VIDART DANTAS','00246284099',NULL,0,NULL),(708,NULL,3,NULL,'JUNIOR PEREIRA','00405594089',NULL,0,NULL),(709,NULL,3,NULL,'ADRIANO LUIZ FEIDEN','01968255044',NULL,0,NULL),(710,NULL,3,NULL,'NELSON MIGUEL MAI','00179740032',NULL,0,NULL),(711,NULL,3,NULL,'VALERIO STEIN','50264966015',NULL,0,NULL),(712,NULL,3,NULL,'MARCELO VIANA DUTRA','00706883039',NULL,0,NULL),(713,NULL,3,NULL,'AURY PEREIRA DE MORAES','01909312053',NULL,0,NULL),(714,NULL,3,NULL,'CLERIA MARLENE ILHA RODRIGUES','00432720022',NULL,0,NULL),(715,NULL,3,NULL,'ANA PAULA PROCHNOW ALBERTO','02129441009',NULL,0,NULL),(716,NULL,3,NULL,'SELMAR JAIR KELLER','53532481049',NULL,0,NULL),(717,NULL,26,NULL,'ANA LUCIA RAUBER','00769132014',NULL,0,NULL),(718,NULL,26,NULL,'RUBI SCHIMUNECK','01578170087',NULL,0,NULL),(719,NULL,26,NULL,'MARIA ANGELICA LINHARES DA SILVA','01881646009',NULL,0,NULL),(720,NULL,26,NULL,'CIRIO ANDRE SEMIANER','58358757034',NULL,0,NULL),(721,NULL,26,NULL,'JOSE SEHNEM','17374707053',NULL,0,NULL),(722,NULL,26,NULL,'JAIR EUZEBIO BAIERLE','45885591091',NULL,0,NULL),(723,NULL,26,NULL,'PEDRO PAULO KROTH','65683595053',NULL,0,NULL),(724,NULL,26,NULL,'DARCI MORAES DA SILVA','16116755020',NULL,0,NULL),(725,NULL,26,NULL,'ONIRA DOS SANTOS','68770170053',NULL,0,NULL),(726,NULL,26,NULL,'MICHELE KATIUSCIA QUEIROZ LUEDTKE','02373960095',NULL,0,NULL),(727,NULL,26,NULL,'RICARDO DANIEL LOPES','01289557080',NULL,0,NULL),(728,NULL,26,NULL,'EDOMENIO SEVERO','20910541000',NULL,0,NULL),(729,NULL,3,NULL,'OLICIA DA SILVA','14888130000',NULL,0,NULL),(730,NULL,3,NULL,'ANDRE LUIS DA SILVA','45766304072',NULL,0,NULL),(731,NULL,3,NULL,'RUDY BENNO KLAFKE','01899350063',NULL,0,NULL),(732,NULL,3,NULL,'GUSTAVO GUIDO LEHMEN','01563099047',NULL,0,NULL),(733,NULL,3,NULL,'CLENIO GIEHL','20823932087',NULL,0,NULL),(734,NULL,3,NULL,'MARIA CLARINES DOS SANTOS','56711867068',NULL,0,NULL),(735,NULL,3,NULL,'MARCOS PEDRO ASSMANN','66930634034',NULL,0,NULL),(736,NULL,3,NULL,'MARLI FORTES','71400230004',NULL,0,NULL),(737,NULL,3,NULL,'EDIO JOSE CARVALHO','65306040063',NULL,0,NULL),(738,NULL,9,NULL,'GUILHERME JACOBI','05448148000',NULL,0,NULL),(739,NULL,3,NULL,'GLAUCIO MARTINS','37894420034',NULL,0,NULL),(740,15,3,8,'ADAO LUIZ CHAVES','22966773049','',0,''),(741,NULL,3,NULL,'ELMAR RICHTER','01907352015',NULL,0,NULL),(742,NULL,3,NULL,'PAULO ANTONIO BRIXIUS','26128993087',NULL,0,NULL),(743,NULL,3,NULL,'LOENICE BEATRIZ BARON','98176587087',NULL,0,NULL),(744,NULL,3,NULL,'NILSON JOSE DA LUZ','13163795072',NULL,0,NULL),(745,NULL,3,NULL,'ANITA KAPPAUN','91869854004',NULL,0,NULL),(746,NULL,6,NULL,'CLENIO GREGORY','31303480000',NULL,0,NULL),(747,NULL,3,NULL,'MIGUEL CLECIO SALDANHA','29129842034',NULL,0,NULL),(748,NULL,3,NULL,'BRUNA ELISA PITTOL','03380740071',NULL,0,NULL),(749,NULL,3,NULL,'IARA MARIA PITTOL','93221819072',NULL,0,NULL),(750,NULL,3,NULL,'ELAINE INES FISCHER VOGT','98756400004',NULL,0,NULL),(751,NULL,3,NULL,'LEO VOGT','03652009053',NULL,0,NULL),(752,NULL,26,NULL,'PAULO SERGIO HAAS','00142207098',NULL,0,NULL),(753,NULL,26,NULL,'ALFREDO THIESEN','26826020025',NULL,0,NULL),(754,NULL,26,NULL,'VILMAR JOSE SEHNEM','75264021015',NULL,0,NULL),(755,NULL,26,NULL,'MARGARETE NUNES HELFER','69636320063',NULL,0,NULL),(756,NULL,26,NULL,'SERGIO LUIZ QUEIROZ','37772872020',NULL,0,NULL),(757,17,3,10,'ADAO SOARES','45480486004','',0,''),(758,NULL,3,NULL,'ALOYSIUS ANTONIO AGNES','01267859024',NULL,0,NULL),(759,NULL,3,NULL,'RAQUEL BARBOSA DE MORAES','02173736078',NULL,0,NULL),(760,NULL,3,NULL,'MAURO FERREIRA','43691579000',NULL,0,NULL),(761,NULL,26,NULL,'DINALDO QUEIROZ LOPES','24112003072',NULL,0,NULL),(762,NULL,3,NULL,'JOICE INES PITTOL','01040870058',NULL,0,NULL),(763,NULL,3,NULL,'CLAUDIR MIGUEL JOHN','04139387009',NULL,0,NULL),(764,NULL,3,NULL,'ETSON GILMAR BRENNER','39223612004',NULL,0,NULL),(765,NULL,3,NULL,'ODIRLEI EVERSON BICK','01337183016',NULL,0,NULL),(766,NULL,3,NULL,'CLADOMIR LUIZ VOGEL','51999196015',NULL,0,NULL),(767,NULL,3,NULL,'ANGELO JOSUE HEINEN','03153022089',NULL,0,NULL),(768,NULL,3,NULL,'CLEONICE CLEVESTON QUINTANA','76137090000',NULL,0,NULL),(769,NULL,3,NULL,'JOSE ROGERIO KOLLET','38194902053',NULL,0,NULL),(770,NULL,3,NULL,'MARCUS JOSE SCHLINDWEIN','77608461004',NULL,0,NULL),(771,NULL,26,NULL,'GABRIELLY MONIQUE DA SILVA\n','05697527012',NULL,0,NULL),(772,NULL,3,NULL,'DIEGO FERNANDO HERMES','03337207090',NULL,0,NULL),(773,NULL,3,NULL,'DEBORA BARDEN DOS SANTOS','92957668068',NULL,0,NULL),(774,NULL,3,NULL,'ELIMAR FREDRICH','39768406020',NULL,0,NULL),(775,NULL,26,NULL,'ANA MARIA DE ABREU FIORAVANTE','00734590032',NULL,0,NULL),(776,NULL,26,NULL,'HELIO OLIMPIO DE QUEIROZ','13889443087',NULL,0,NULL),(777,NULL,26,NULL,'TRAUDE SOFIA SEIBERT FISCHER','80398910006',NULL,0,NULL),(778,NULL,26,NULL,'MATEUS FREITAS','01906153035',NULL,0,NULL),(779,NULL,26,NULL,'CHARLES BAIERLE','90540352004',NULL,0,NULL),(780,NULL,3,NULL,'RENATA WAGNER BENCKE','91588227049',NULL,0,NULL),(781,NULL,3,NULL,'LUCAS FERREIRA BAIERLE','03901540083',NULL,0,NULL),(782,NULL,3,NULL,'JOAO ANTONIO CAMARGO DA SILVEIRA','03011481040',NULL,0,NULL),(783,NULL,26,NULL,'IZALUAR BERTOLLO','37533991087',NULL,0,NULL),(784,NULL,26,NULL,'VALNIR JOSE THIESEN','52127923049',NULL,0,NULL),(785,NULL,3,NULL,'LUIS CARLOS SILVA','57823472015',NULL,0,NULL),(786,NULL,3,NULL,'ARTENOR LINKE','46426655015',NULL,0,NULL),(787,NULL,3,NULL,'ANDRE KROTH','68162898034',NULL,0,NULL),(788,NULL,3,NULL,'FERNANDO ADIR MUSA','98523732004',NULL,0,NULL),(789,NULL,26,NULL,'LEOPOLDO EVERTON SCHUSTER FRANTZ','92352383072',NULL,0,NULL),(790,NULL,8,NULL,'RICARDO BORGES TONIOLO','03341279040',NULL,0,NULL),(791,NULL,3,NULL,'RICARDO JOSUE PREUSS','00505704048',NULL,0,NULL),(792,NULL,3,NULL,'VALDIR HINTERHOLZ','60282924000',NULL,0,NULL),(793,NULL,3,NULL,'ALCEU BARTHOLDY','20822669072',NULL,0,NULL),(794,NULL,3,NULL,'ANTONIO SEBASTIAO DA SILVA','32078846015',NULL,0,NULL),(795,NULL,3,NULL,'FABIANE BEATRIZ MULLER','90697898091',NULL,0,NULL),(796,19,54,12,'ADAO FLORIBAL NUNES HOFFMANN','06255663000','',0,''),(797,NULL,55,NULL,'DIOMEDES VENDRUSCOLO','46398031091',NULL,0,NULL),(798,NULL,3,NULL,'LUIZ CARLOS DIAS','71396268049',NULL,0,NULL),(799,NULL,3,NULL,'FLAVIO RENATO MEURER','48903671015',NULL,0,NULL),(800,NULL,56,NULL,'ELENIR MARGARETE CORO PEDRONI','37438603091',NULL,0,NULL),(801,NULL,3,NULL,'JOAO MIGUEL FEIDEN','95648933053',NULL,0,NULL),(802,NULL,3,NULL,'ERNI FISCHER','14890534091',NULL,0,NULL),(803,NULL,26,NULL,'DOUGLAS FRANCIEL LOPES','03132529044',NULL,0,NULL),(804,NULL,26,NULL,'JORGE ERVANDIL RAMOS EVARISTO','27035352015',NULL,0,NULL),(805,NULL,3,NULL,'LARI ALBERTO WAZLAWOSKY','43448127000',NULL,0,NULL),(806,NULL,3,NULL,'SERGIO STEIN','52134440082',NULL,0,NULL),(807,NULL,3,NULL,'VERA REGINA PETER CORREA','00576064041',NULL,0,NULL),(808,NULL,3,NULL,'CHARLES ROBERTO RIBEIRO','74644726087',NULL,0,NULL),(809,NULL,3,NULL,'SORIAN PEREIRA DOS SANTOS','53512901034',NULL,0,NULL),(810,NULL,26,NULL,'ELIVANA LOPES BELEGANTE','00088232000',NULL,0,NULL),(811,NULL,26,NULL,'JOSE ARMINDO KAUFMANN','20261632000',NULL,0,NULL),(812,NULL,3,NULL,'MARLON BRANDO DE OLIVEIRA','57116962034',NULL,0,NULL),(813,NULL,28,NULL,'RENAN DE MARCO FLORIO','00475342062',NULL,0,NULL),(814,NULL,3,NULL,'PAULINHO WENZEL','95838180030',NULL,0,NULL),(815,NULL,3,NULL,'ORNÉLIO PEITER','45480923072',NULL,0,NULL),(816,NULL,3,NULL,'IRACEMA HEDI WATTE','70138818053',NULL,0,NULL),(817,NULL,3,NULL,'OTAVIO BOHN','22967982091',NULL,0,NULL),(818,NULL,3,NULL,'ERICO DATTEIN','43715044004',NULL,0,NULL),(819,NULL,3,NULL,'LAURI ALFREDO WEISS','47867612068',NULL,0,NULL),(820,NULL,26,NULL,'ROBERTO KAPPAUN FISCHER','05068689076',NULL,0,NULL),(821,NULL,26,NULL,'SERGIO BORBA DA SILVA','93490178068',NULL,0,NULL),(822,NULL,3,NULL,'GILSON CETOLIN','01363539086',NULL,0,NULL),(823,NULL,3,NULL,'EDSON EVANDRO STOLBEN','00834413019',NULL,0,NULL),(824,NULL,26,NULL,'PEDRO NUNES DE FARIAS','37270010030',NULL,0,NULL),(825,NULL,3,NULL,'DENISE BAUNGARTEN SOARES','00868768057',NULL,0,NULL),(826,NULL,3,NULL,'CARLA GRAZIELA BITENCOURT HERNANDES','98261819000',NULL,0,NULL),(827,NULL,3,NULL,'TATIELE FALEIRO RODRIGUES','03168879002',NULL,0,NULL),(828,NULL,3,NULL,'NALY JOSE DA ROSA','09571639087',NULL,0,NULL),(829,NULL,26,NULL,'LEONARDO HENRIQUE  NASCIMENTO','04639867093',NULL,0,NULL),(830,NULL,26,NULL,'FELIPE VINICIUS RAUBER','68801149034',NULL,0,NULL),(831,NULL,3,NULL,'CLAUDIOMIRO ERNESTO BICK','53510755049',NULL,0,NULL),(832,NULL,3,NULL,'ELIOMAR STEFFENS DA SILVA','03583094093',NULL,0,NULL),(833,NULL,3,NULL,'JOSE LAURI ECKERT','24078344020',NULL,0,NULL),(834,NULL,6,NULL,'ALSIDA SIEBENEICHLER BRANDT','00110734033',NULL,0,NULL),(835,NULL,3,NULL,'GERSON ADRIANO RIBEIRO','73669148000',NULL,0,NULL),(836,NULL,26,NULL,'IRANI SCHMIT LOPES','33630356087',NULL,0,NULL),(837,NULL,26,NULL,'ALAN RICARDO PIRES CARDOSO','67858570072',NULL,0,NULL),(838,NULL,26,NULL,'SIDNEI DE BORBA','57576173068',NULL,0,NULL),(839,NULL,26,NULL,'CARLOS ANTONIO LEIFHEIT','76455815068',NULL,0,NULL),(840,NULL,26,NULL,'JOAO BENTO CARDOSO','01302000004',NULL,0,NULL),(841,NULL,3,NULL,'RENATA MARIA FERREIRA','58722912053',NULL,0,NULL),(842,NULL,26,NULL,'VILNEI DE BORBA','01738521060',NULL,0,NULL),(843,NULL,26,NULL,'JOSE EDERSON GREINER','00798228008',NULL,0,NULL),(844,NULL,3,NULL,'EDUARDO ALOISIO STUMM','97180998087',NULL,0,NULL),(845,NULL,26,NULL,'BRUNO JOSUE DA SILVA','05146250073',NULL,0,NULL),(846,NULL,3,NULL,'SEBASTIAO LUIZ REGERT','33015457004',NULL,0,NULL),(847,NULL,3,NULL,'EZEQUIEL STHAL','01271972069',NULL,0,NULL),(848,NULL,6,NULL,'CEDI DELCY UHLMANN','51992365812',NULL,0,NULL),(849,NULL,3,NULL,'ANELISE HICKMANN SCHAFER','68673086000',NULL,0,NULL),(850,NULL,3,NULL,'EDUARDO LUIS KAUFMANN','99688247049',NULL,0,NULL),(851,NULL,3,NULL,'ROQUE RENATO DOS SANTOS','29961998049',NULL,0,NULL),(852,NULL,26,NULL,'EDITE DO NASCIMENTO LOPES','64638189091',NULL,0,NULL),(853,NULL,3,NULL,'JOSE MONTINI','01107011000',NULL,0,NULL),(854,NULL,3,NULL,'EVANDRO LUIS FAGUNDES','95392041000',NULL,0,NULL),(855,NULL,3,NULL,'ADAO MARCIANO LORD','92250831068',NULL,0,NULL),(856,NULL,3,NULL,'JONAS LUIZ KAUFMANN','01748452002',NULL,0,NULL),(857,NULL,3,NULL,'CRISTIANO VARGAS','01901593088',NULL,0,NULL),(858,NULL,3,NULL,'JOAO PEDRO NIEDERLE','13841602053',NULL,0,NULL),(859,NULL,26,NULL,'CLAITON ISMAEL JANISCH','00069800073',NULL,0,NULL),(860,NULL,26,NULL,'EDUARDO LUIZ BAIERLE','01110181027',NULL,0,NULL),(861,NULL,26,NULL,'ENEIDE JOSE KONZEN','38127032034',NULL,0,NULL),(862,NULL,26,NULL,'LUCIANO FERREIRA','47072342087',NULL,0,NULL),(863,NULL,26,NULL,'LUIS ELISANDRO DOS SANTOS CARVALHO','00401458083',NULL,0,NULL),(864,NULL,26,NULL,'MARCIO FERREIRA DE MELO','98968424004',NULL,0,NULL),(865,NULL,26,NULL,'MATEUS HENRIQUE LINCKE FERREIRA','04029301002',NULL,0,NULL),(866,NULL,26,NULL,'SANDRA BEATRIZ SILVA DA SILVA','94388822000',NULL,0,NULL),(867,NULL,26,NULL,'SILVANO LOPES SCHIMIDT','01523800003',NULL,0,NULL),(868,NULL,26,NULL,'ORNELIO ARNOLDO LINCH','23765453072',NULL,0,NULL),(869,NULL,26,NULL,'VERA SIMONE DE MELO','95618260034',NULL,0,NULL),(870,NULL,3,NULL,'MAICON EDGAR RAIMUNDO DA SILVA','82069751015',NULL,0,NULL),(871,NULL,57,NULL,'GERSEL PAULO WEGNER','32399960068',NULL,0,NULL),(872,NULL,34,NULL,'IURI JONATAS MORAES DA ROSA','94579466004',NULL,0,NULL),(873,NULL,3,NULL,'EDUARDO HENRIQUE FERREIRA','02924806011',NULL,0,NULL),(874,NULL,3,NULL,'ALMIRO DE SOUZA','31302440004',NULL,0,NULL),(875,NULL,3,NULL,'ADEMAR DA SILVA','55808581087',NULL,0,NULL),(876,NULL,3,NULL,'ANDERSON LUIS WAGNER','01388367017',NULL,0,NULL),(877,NULL,3,NULL,'LUCAS DE ANDRADE DA SILVA','04152612010',NULL,0,NULL),(878,NULL,3,NULL,'NESTOR ANTONIO WESCHENFELDER','45839751049',NULL,0,NULL),(879,NULL,3,NULL,'ROGER MATHEUS HERMES','03800434083',NULL,0,NULL),(880,NULL,26,NULL,'ILO SASSEN','32411308000',NULL,0,NULL),(881,NULL,38,NULL,'ALEXANDRE GIOVELLI','03020106028',NULL,0,NULL),(882,NULL,3,NULL,'FRIGORIFICO VIANNA LTDA','83948690002501',NULL,1,NULL),(883,NULL,3,NULL,'DIRCE WOLL','53517776068',NULL,0,NULL),(884,NULL,26,NULL,'TIBERIO RODENBUSCH CELESTE','77409418168',NULL,0,NULL),(885,NULL,3,NULL,'SANDRA ADRIANI BAIERLE KAUFMANN','57671770078',NULL,0,NULL),(886,NULL,26,NULL,'LUIS CARLOS SCHWEICKARDT','00149590032',NULL,0,NULL),(887,NULL,26,NULL,'PLINIO AMELIO OCANHA AVILA','02293880001',NULL,0,NULL),(888,NULL,3,NULL,'SUELY FERREIRA LOPES','46426280020',NULL,0,NULL),(889,NULL,3,NULL,'ROBERIO ADOLFO KRAMMES','58723633034',NULL,0,NULL),(890,NULL,26,NULL,'JOAO CARLOS CAMARGO DA ROSA','45307024053',NULL,0,NULL),(891,NULL,3,NULL,'LUIZ GUSTAVO LINCKE','03178252088',NULL,0,NULL),(892,NULL,3,NULL,'MILTON ENGLERT','45481423049',NULL,0,NULL),(893,NULL,3,NULL,'RENATO BERGMULLER AVILA FILHO','02293876080',NULL,0,NULL),(894,NULL,26,NULL,'LAURO SCHWAB','33630410049',NULL,0,NULL),(895,NULL,3,NULL,'ADELINO LUIS SOARES LEITE','45480583034',NULL,0,NULL),(896,NULL,26,NULL,'DILSON LORIVAL LOPES','42041732091',NULL,0,NULL),(897,NULL,3,NULL,'RENATO LUIZ MELCHIORS','25876520063',NULL,0,NULL),(898,NULL,26,NULL,'ELANI SCHUCK','00125518056',NULL,0,NULL),(899,NULL,3,NULL,'FERNANDO ALBERTO ETGES','20823908020',NULL,0,NULL),(900,NULL,3,NULL,'NESTOR ARMANDO PIRES','07576790059',NULL,0,NULL),(901,NULL,26,NULL,'ALBINO JOSE PIRES','01886843015',NULL,0,NULL),(902,NULL,9,NULL,'MARLON S. BENELLI','02582357057',NULL,0,NULL),(903,20,3,13,'ODILÃ JUNIOR DOS SANTOS','93575793034','',0,''),(904,21,26,14,'ALAN RODRIGO RITTER','99422409004','',0,''),(905,22,3,15,'JENI DELCY DA CRUZ','93599250049','7102272171',0,''),(906,23,3,16,'DILCEU JOSE DAHMER','56759908015','1027977253',0,''),(907,24,9,17,'JOAO ERLI SILVA ROSA','24140422068','4116849177',0,''),(908,25,9,18,'LUCIANO FRANCK','94643148004','7077374135',0,''),(909,26,3,19,'MARCELO DA ROSA PACHECO','98716662091','',0,''),(910,27,6,20,'VILSON ANDRE BECKER','71396756000','',0,''),(911,30,9,23,'RONY FREITAS DA SILVA','29077630082','1122355587',0,''),(912,31,9,24,'RIBAMAR LUIS KIST','68415575068','1069024659',0,''),(913,32,9,25,'CIRO LUIZ MENEZES DA SILVA','58593870082','4066368988',0,''),(914,33,9,26,'CLOVIS ILMAR DOS SANTOS SEVERO','41851340025','1019442051',0,''),(915,34,9,27,'MARIA ILENE ZINN HERTZ','36968480000','3022246908',0,''),(916,35,9,28,'JOSE ADRIANO KROTH','63719096068','1054287261',0,''),(917,36,9,29,'JEFERSON BATISTA DE OLIVEIRA THIESEN','82322902004','2085645551',0,''),(918,37,9,30,'TATIANO DANIEL DE SOUZA DORNELES','97231134068','1098416884',0,''),(919,38,9,31,'GERALDO RAMOS SILVEIRA','91093287004','1032133652',0,''),(920,39,9,32,'DANIEL ANDRE MEYER','04011123064','9123055346',0,''),(921,40,9,33,'VITOR ANDRE MEYER','47403047087','7041755153',0,''),(922,41,41,34,'ROGERIO FABIAN FICK KUMMER','71250760097','',0,''),(923,42,45,35,'LUCIANO ANDRE BRINGMANN','91177553015','',0,''),(924,43,62,36,'MATEUS HENTSCHKE','05242373016','',0,''),(925,44,63,37,'JOAO LASIO NEVES','48769436053','',0,''),(926,45,45,38,'HENRIQUE ELEMAR HERINGER','01973030055','',0,''),(927,46,62,39,'CINELIO ALTAIR JAPPE','59728949049','',0,''),(928,47,45,40,'JACSON FERNANDO JUNKHERR','03097851038','',0,''),(929,48,3,41,'LEANDRO DAHMER','01181603030','',0,'');
/*!40000 ALTER TABLE `produtor` ENABLE KEYS */;
UNLOCK TABLES;

--
-- Table structure for table `produtor_propriedade`
--

DROP TABLE IF EXISTS `produtor_propriedade`;
/*!40101 SET @saved_cs_client     = @@character_set_client */;
/*!50503 SET character_set_client = utf8mb4 */;
CREATE TABLE `produtor_propriedade` (
  `pk_id_produtor_propriedade` int(11) NOT NULL AUTO_INCREMENT,
  `fk_id_produtor` int(11) NOT NULL,
  `fk_id_propriedade` int(11) NOT NULL,
  `ie_produtor_propriedade` varchar(15) DEFAULT NULL,
  PRIMARY KEY (`pk_id_produtor_propriedade`),
  UNIQUE KEY `ie_produtor_propriedade` (`ie_produtor_propriedade`),
  KEY `fk_id_produtor` (`fk_id_produtor`),
  KEY `fk_id_propriedade` (`fk_id_propriedade`),
  CONSTRAINT `produtor_propriedade_ibfk_1` FOREIGN KEY (`fk_id_produtor`) REFERENCES `produtor` (`pk_id_produtor`),
  CONSTRAINT `produtor_propriedade_ibfk_2` FOREIGN KEY (`fk_id_propriedade`) REFERENCES `propriedade` (`pk_id_propriedade`)
) ENGINE=InnoDB DEFAULT CHARSET=utf8 COLLATE=utf8_general_ci;
/*!40101 SET character_set_client = @saved_cs_client */;

--
-- Dumping data for table `produtor_propriedade`
--

LOCK TABLES `produtor_propriedade` WRITE;
/*!40000 ALTER TABLE `produtor_propriedade` DISABLE KEYS */;
/*!40000 ALTER TABLE `produtor_propriedade` ENABLE KEYS */;
UNLOCK TABLES;

--
-- Table structure for table `programa`
--

DROP TABLE IF EXISTS `programa`;
/*!40101 SET @saved_cs_client     = @@character_set_client */;
/*!50503 SET character_set_client = utf8mb4 */;
CREATE TABLE `programa` (
  `pk_id_programa` int(11) NOT NULL AUTO_INCREMENT,
  `nome_programa` varchar(150) NOT NULL,
  `sigla_programa` varchar(30) NOT NULL,
  `observacoes_programa` text DEFAULT NULL,
  PRIMARY KEY (`pk_id_programa`)
) ENGINE=InnoDB AUTO_INCREMENT=11 DEFAULT CHARSET=utf8 COLLATE=utf8_general_ci;
/*!40101 SET character_set_client = @saved_cs_client */;

--
-- Dumping data for table `programa`
--

LOCK TABLES `programa` WRITE;
/*!40000 ALTER TABLE `programa` DISABLE KEYS */;
INSERT INTO `programa` VALUES (1,'Programa Nacional de Controle e Erradicação de Brucelose e Tuberculose','PNCEBT',NULL),(2,'Programa Nacional de Controle da Raiva Herbívora','PNCRH',NULL),(3,'Programa Nacional de Prevenção e Vigilância à Encefalopatia Espongiforme Bovina','PNEEB',NULL),(4,'Programa Nacional de Erradicação da Febre Aftosa','PNEFA',NULL),(5,'Programa Nacional de Sanidade dos Animais Aquáticos','PNSAA',NULL),(6,'Programa Nacional de Sanidade Apícola','PNSAP',NULL),(7,'Programa Nacional de Sanidade Avícola','PNSA',NULL),(8,'Programa Nacional de Sanidade Equina','PNSE',NULL),(9,'Programa Nacional de Sanidade Suína','PNSS',NULL),(10,'Programa Estadual de Sanidade Ovina','PROESO',NULL);
/*!40000 ALTER TABLE `programa` ENABLE KEYS */;
UNLOCK TABLES;

--
-- Table structure for table `propriedade`
--

DROP TABLE IF EXISTS `propriedade`;
/*!40101 SET @saved_cs_client     = @@character_set_client */;
/*!50503 SET character_set_client = utf8mb4 */;
CREATE TABLE `propriedade` (
  `pk_id_propriedade` int(11) NOT NULL AUTO_INCREMENT,
  `fk_id_endereco_propriedade` int(11) NOT NULL,
  `fk_id_contato_propriedade` int(11) DEFAULT NULL,
  `cod_propriedade` varchar(15) DEFAULT NULL,
  PRIMARY KEY (`pk_id_propriedade`),
  KEY `fk_id_endereco_propriedade` (`fk_id_endereco_propriedade`),
  KEY `fk_id_contato_propriedade` (`fk_id_contato_propriedade`),
  CONSTRAINT `propriedade_ibfk_1` FOREIGN KEY (`fk_id_endereco_propriedade`) REFERENCES `endereco` (`pk_id_endereco`),
  CONSTRAINT `propriedade_ibfk_2` FOREIGN KEY (`fk_id_contato_propriedade`) REFERENCES `contato` (`pk_id_contato`)
) ENGINE=InnoDB DEFAULT CHARSET=utf8 COLLATE=utf8_general_ci;
/*!40101 SET character_set_client = @saved_cs_client */;

--
-- Dumping data for table `propriedade`
--

LOCK TABLES `propriedade` WRITE;
/*!40000 ALTER TABLE `propriedade` DISABLE KEYS */;
/*!40000 ALTER TABLE `propriedade` ENABLE KEYS */;
UNLOCK TABLES;

--
-- Table structure for table `redator`
--

DROP TABLE IF EXISTS `redator`;
/*!40101 SET @saved_cs_client     = @@character_set_client */;
/*!50503 SET character_set_client = utf8mb4 */;
CREATE TABLE `redator` (
  `pk_id_redator` int(11) NOT NULL AUTO_INCREMENT,
  `nome_redator` varchar(40) DEFAULT NULL,
  PRIMARY KEY (`pk_id_redator`)
) ENGINE=InnoDB AUTO_INCREMENT=9 DEFAULT CHARSET=utf8 COLLATE=utf8_general_ci;
/*!40101 SET character_set_client = @saved_cs_client */;

--
-- Dumping data for table `redator`
--

LOCK TABLES `redator` WRITE;
/*!40000 ALTER TABLE `redator` DISABLE KEYS */;
INSERT INTO `redator` VALUES (1,'Cristiano Silveira'),(2,'João Juliano Pinheiro'),(3,'Igo Antonio Lobler'),(4,'Anderson Tasca'),(6,'Rebeca Dopke'),(7,'Eliane Schulz'),(8,'Antonio Borges Werner');
/*!40000 ALTER TABLE `redator` ENABLE KEYS */;
UNLOCK TABLES;

--
-- Table structure for table `veterinario`
--

DROP TABLE IF EXISTS `veterinario`;
/*!40101 SET @saved_cs_client     = @@character_set_client */;
/*!50503 SET character_set_client = utf8mb4 */;
CREATE TABLE `veterinario` (
  `pk_id_veterinario` int(11) NOT NULL AUTO_INCREMENT,
  `nome_veterinario` varchar(120) NOT NULL,
  `if_veterinario` varchar(11) NOT NULL,
  `crmv_veterinario` varchar(6) DEFAULT NULL,
  PRIMARY KEY (`pk_id_veterinario`)
) ENGINE=InnoDB AUTO_INCREMENT=8 DEFAULT CHARSET=utf8 COLLATE=utf8_general_ci;
/*!40101 SET character_set_client = @saved_cs_client */;

--
-- Dumping data for table `veterinario`
--

LOCK TABLES `veterinario` WRITE;
/*!40000 ALTER TABLE `veterinario` DISABLE KEYS */;
INSERT INTO `veterinario` VALUES (1,'Rebeca Dopke','4873920/01','13925'),(2,'Antonio Borges Werner','7423101/01','9088'),(3,'João Juliano Pinheiro','3891496/01','13217'),(4,'Ricardo Strohschoen','4232631/01','3027'),(5,'Jean Ricardo Anacker','3960749/01','9188');
/*!40000 ALTER TABLE `veterinario` ENABLE KEYS */;
UNLOCK TABLES;
/*!40103 SET TIME_ZONE=@OLD_TIME_ZONE */;

/*!40101 SET SQL_MODE=@OLD_SQL_MODE */;
/*!40014 SET FOREIGN_KEY_CHECKS=@OLD_FOREIGN_KEY_CHECKS */;
/*!40014 SET UNIQUE_CHECKS=@OLD_UNIQUE_CHECKS */;
/*!40101 SET CHARACTER_SET_CLIENT=@OLD_CHARACTER_SET_CLIENT */;
/*!40101 SET CHARACTER_SET_RESULTS=@OLD_CHARACTER_SET_RESULTS */;
/*!40101 SET COLLATION_CONNECTION=@OLD_COLLATION_CONNECTION */;
/*!40111 SET SQL_NOTES=@OLD_SQL_NOTES */;

-- Dump completed on 2025-10-31 17:33:25
